client_id,tech_literacy,owner_assigned,asset_depth,founder_involved,repeat_query_rate,ttfv_days,cx_satisfaction
CLT_0000,0.4237929994153599,0,0.20137842327614972,1,0.5131681625285568,68,2.671724696801337
CLT_0001,0.869333034751583,1,0.5526610574023497,0,0.08930271954550567,37,4.274762517399373
CLT_0002,0.6467797873239313,1,0.9036597983336476,0,0.06820777268186823,33,3.9916942882691693
CLT_0003,0.5595709433978174,1,0.554231688681511,1,0.12803153125712344,55,3.873148568873285
CLT_0004,0.26310325949220037,1,0.567578329549278,0,0.379247318749395,49,3.2850103173067366
CLT_0005,0.26308065552567517,1,0.8099304020334664,0,0.15312849009968915,45,4.105989164211926
CLT_0006,0.1456635483779885,1,0.6595302209477756,0,0.2724118859576975,50,3.2591581139929793
CLT_0007,0.7585889117939844,1,0.8194756966883698,0,0.05074999187720603,32,4.213837769492737
CLT_0008,0.56108371213793,0,0.07262112574064103,1,0.31822993128670723,63,2.7909005749549896
CLT_0009,0.6300982963397936,1,0.6774513888502989,0,0.13974392135154143,38,4.001364572946825
CLT_0010,0.06912210464502239,0,0.04158703890290005,1,0.840696864697897,74,1.3815182234886645
CLT_0011,0.9076883780134064,1,0.38681924400655515,0,0.0,45,4.1444049736716995
CLT_0012,0.7262963505043873,1,0.9038034988110335,0,0.0,34,4.390320515138895
CLT_0013,0.31150261977419585,0,0.12931915259432786,1,0.6550959012010846,69,1.4650192574453018
CLT_0014,0.2862738800321991,1,0.698475914721534,0,0.1837424457780004,44,4.003785397224568
CLT_0015,0.28763230215252417,1,0.6408803484832845,1,0.3325116248985754,56,2.752380763589797
CLT_0016,0.37826418645154236,0,0.24458678735979755,1,0.4428773751734954,67,2.6243230484685043
CLT_0017,0.5148165805045931,1,0.8986790398810963,0,0.0,37,4.427039426793124
CLT_0018,0.45911175939700916,1,0.2916694283638719,0,0.32730145466014315,49,3.2018234113431725
CLT_0019,0.369423229411342,0,0.3969631861968943,1,0.44205158759438323,65,2.5928136836039415
CLT_0020,0.5677233949631556,1,0.9552215274258093,0,0.011561777206273204,38,4.116875201318419
CLT_0021,0.24713377386345292,0,0.34521157934468943,0,0.4655537223521435,55,2.613941874786109
CLT_0022,0.3700504534814813,1,0.9293433741266979,0,0.052511020720054695,41,4.346833625336888
CLT_0023,0.4186521387294563,1,0.36904909120040347,1,0.39189109820572865,60,3.0706789730467947
CLT_0024,0.4736749559152498,1,0.6446312875775806,0,0.24290939402719386,46,3.413579651999172
CLT_0025,0.6865282155269452,1,0.560630735069666,1,0.2101548290149725,52,3.1865571516477096
CLT_0026,0.3012774642973315,1,0.7946931196765491,0,0.1254641117273516,45,3.716087515856209
CLT_0027,0.5085158906073143,1,0.9753998098517608,0,0.0,38,4.729794636611248
CLT_0028,0.5557355034713751,0,0.19863541337196136,1,0.33534457655801136,60,2.8348139623906294
CLT_0029,0.12553928018388283,1,0.7561513319650505,0,0.22625010710518767,47,3.508718426345879
CLT_0030,0.5650540740866983,0,0.16612265096663334,1,0.3145036093629166,68,3.197240773580212
CLT_0031,0.2763639191827485,1,0.7138794239720835,0,0.1591896265332638,45,3.656622985715405
CLT_0032,0.1566948042253209,0,0.29981838611205075,0,0.6076561870551022,58,2.171080289860286
CLT_0033,0.8661063554575232,0,0.687472441443794,1,0.03941283625653018,43,4.315810118469093
CLT_0034,0.8983073984222965,0,0.36877981638717233,1,0.06583027241052349,51,4.281297945909751
CLT_0035,0.705415353705979,1,0.6099738891123807,0,0.07697093718625848,39,3.979271053867713
CLT_0036,0.3785143235351084,0,0.11172317588974565,1,0.5405312872099586,70,2.479547951660124
CLT_0037,0.20116631891964765,1,0.4851362267647492,0,0.36507886601501993,55,2.917653194107271
CLT_0038,0.614031543460316,0,0.1816559233596609,1,0.36036492073550397,61,2.7220866459204647
CLT_0039,0.4640793596027289,0,0.19566544987694814,1,0.48282195393178456,66,2.4876658149157955
CLT_0040,0.2290599802660609,1,0.8639519998276792,1,0.012575454825707225,56,3.783760017319379
CLT_0041,0.4971150336596435,1,0.711954274482251,0,0.09837832197185625,44,4.061619945964493
CLT_0042,0.10173633847017355,0,0.32771655626329027,1,0.5290613250023141,67,2.9132063051530617
CLT_0043,0.8075597840634493,1,0.451804916669873,0,0.07299358349106014,41,4.3095780558778225
CLT_0044,0.34661188710900037,1,0.8702672500813657,0,0.08059393815997838,42,4.032053574532275
CLT_0045,0.5998002708700721,1,0.7905244339701663,0,0.011349803799551278,41,4.489042907913825
CLT_0046,0.3832698001522762,0,0.0746641768183332,1,0.5245895565008217,68,2.0987936584991456
CLT_0047,0.512008182428123,0,0.42086677389299754,1,0.23241440702014604,58,3.179385735003918
CLT_0048,0.5279978891262783,1,0.703675995117082,0,0.1502289222772395,39,3.8697445724669057
CLT_0049,0.28887377300390815,0,0.08666002668370096,1,0.6529672260409435,75,1.807720830633315
CLT_0050,0.9069548408866511,1,0.6636089249756253,0,0.0,31,4.2201614351934404
CLT_0051,0.678684243880213,1,0.6760976467428358,0,0.11291597315277398,37,3.974558682889178
CLT_0052,0.8504317769716387,1,0.4968663299232434,0,0.04791880474975499,42,4.1178307388120885
CLT_0053,0.7898612786354973,1,0.9375472514391556,0,0.0,30,4.795659583879207
CLT_0054,0.5591042866757675,1,0.86353303243455,0,0.14384030552489083,41,3.622650172564679
CLT_0055,0.8242419196583446,0,0.3997251075460439,1,0.17252621536451834,53,3.3131777471529635
CLT_0056,0.1896326554897002,1,0.6655069931832837,0,0.20608314784494816,48,3.6073978106423366
CLT_0057,0.2982347955403397,1,0.6412076043235856,0,0.293274639804389,48,3.550266168113919
CLT_0058,0.12327777251719274,1,0.754595604647903,0,0.25572131585174157,50,3.498662081361902
CLT_0059,0.392280023097364,1,0.7045618767028821,0,0.12213048502865173,42,3.9851380465906288
CLT_0060,0.43260552514768075,1,0.3862119937449556,0,0.38919880566747606,52,2.896472149440224
CLT_0061,0.3555893435960782,1,0.6891546163189991,0,0.27720867365863033,47,3.509272502881351
CLT_0062,0.7229779223969939,1,0.8365231020184845,0,0.0,33,4.604921777270041
CLT_0063,0.41256777954582524,1,0.6640554637693661,0,0.15146950381669605,44,3.758341685065487
CLT_0064,0.3623121465484719,1,0.36849372693748866,0,0.45358695305258256,52,2.573824007211744
CLT_0065,0.5255829863023043,1,0.8248686282863521,1,0.09666006791445234,46,3.740484967739496
CLT_0066,0.24855662367450748,0,0.16802784538982318,0,0.6527537786310421,59,2.220349329853669
CLT_0067,0.7002610218528713,0,0.19974576207973138,1,0.25689684835215537,58,2.9537691988748684
CLT_0068,0.17073417192530949,0,0.14587975585565172,1,0.727827527582127,74,1.9029572078946662
CLT_0069,0.9521179611634187,0,0.23621131348303068,1,0.0,56,3.9745688956401484
CLT_0070,0.6764611112849634,0,0.44963733367323344,1,0.23042961078467894,57,3.4167868131656465
CLT_0071,0.30049048121061467,0,0.325826461515937,0,0.5300703071069128,55,2.619388942976525
CLT_0072,0.02232274025746711,0,0.1700663506944242,1,0.7999377188177943,74,1.2250849267492996
CLT_0073,0.7113962485415407,0,0.5408853903244681,1,0.1303283512110516,52,3.6462030399848384
CLT_0074,0.6292667317953123,1,0.8837199095575504,0,0.0,34,4.454366206636532
CLT_0075,0.644662471402564,1,0.8773903970530105,1,0.0692805310943879,47,3.83521439877999
CLT_0076,0.675714177591935,0,0.18908608672792282,1,0.2915707573532851,61,2.8824499706075755
CLT_0077,0.17001231486335677,1,0.6602458118625579,0,0.27888224127770955,51,3.116236687128107
CLT_0078,0.41365581138332286,0,0.7381404005856714,1,0.20975752234360773,53,3.724667127559023
CLT_0079,0.2223231043777142,1,0.8168592662372376,1,0.12572045574561558,52,3.833555997830974
CLT_0080,0.7554710287337598,1,0.30996875579879046,0,0.19696292658076556,46,3.481455132976516
CLT_0081,0.5748535787926283,0,0.07247685409098018,1,0.34334992913561685,65,3.04965198597542
CLT_0082,0.3959229246096002,1,0.6662832975363033,0,0.2004130020894862,46,3.477468959874958
CLT_0083,0.15438713197906817,1,0.9060032971325507,0,0.07076710860111338,50,3.5599133183300973
CLT_0084,0.38278347605841184,1,0.7014137249977239,0,0.195557778855619,45,3.7892053391004024
CLT_0085,0.3921835291579317,1,0.6822658910182182,0,0.17464767834578782,48,4.00364178630152
CLT_0086,0.6450862723141038,1,0.4421267449728567,0,0.19142324673436467,46,3.7699197619441005
CLT_0087,0.5838236523229239,0,0.39329200870373393,1,0.2937998744962506,56,2.7996125406250947
CLT_0088,0.7811190398932849,1,0.8459458384610217,0,0.011881310924175686,33,4.4058287665065095
CLT_0089,0.48336826393323024,0,0.26050295231974474,0,0.30171878852236717,49,3.209593685926609
CLT_0090,0.2264148449419121,1,0.8188619933161709,0,0.2276048681976939,48,3.5928252734647383
CLT_0091,0.6336538567529586,1,0.9563683663127804,1,0.08505698465940491,44,3.8350799621960046
CLT_0092,0.6677731739307948,1,0.5246701716546615,0,0.09330418545191099,42,3.9445956231252666
CLT_0093,0.5367848909929048,1,0.6942230883373098,0,0.17612587572994565,43,3.4557936933438014
CLT_0094,0.6754821080995599,0,0.21460319373228437,1,0.2297265773477703,57,3.403086457866605
CLT_0095,0.49628873684299213,0,0.47302054438635033,0,0.2786198480114968,50,3.0500827445529786
CLT_0096,0.5136042167921743,0,0.35361479230122106,1,0.32911024580327536,58,3.118695062124328
CLT_0097,0.4564396791539255,0,0.38186385895243113,1,0.32427388913855476,65,2.7883253957318814
CLT_0098,0.08136607391333844,1,0.8315525846458688,0,0.11555322722659633,46,3.248659678301127
CLT_0099,0.2133003942172339,0,0.2678940431062741,1,0.5414204150636959,66,2.4338796994620977
CLT_0100,0.09530959483067553,0,0.5817558676467822,1,0.33257185778426307,62,3.0585939069527424
CLT_0101,0.5830982257167548,1,0.6987603799051255,0,0.08399622169044163,41,4.320782644682202
CLT_0102,0.38503115255362463,1,0.4906419701990594,0,0.3098804060217732,47,2.8684462856015154
CLT_0103,0.5051268668864077,1,0.7767827369671122,0,0.07467622686658842,36,4.037096507464724
CLT_0104,0.8053359895154971,1,0.8288626720897003,0,0.06741688188025138,35,4.23787272301416
CLT_0105,0.33970240450580536,0,0.2295541809485857,1,0.5830858295450005,69,2.207298733536107
CLT_0106,0.44597860746466084,0,0.5220193268706137,1,0.23580885606361923,59,3.0161642329455653
CLT_0107,0.6638722325042788,1,0.9035723706167307,1,0.04438222881627197,47,4.167591203688358
CLT_0108,0.3243382806681188,1,0.570450097048897,0,0.31521468148193166,51,3.085800874492074
CLT_0109,0.17416218708112852,0,0.7308696353953603,1,0.24585814524111782,58,2.920659575354408
CLT_0110,0.36840911194882875,1,0.4761444947192426,0,0.33466012718657295,51,2.983746664479244
CLT_0111,0.2679344690109203,0,0.16840666559180634,1,0.6459149368384998,71,1.9746115504741648
CLT_0112,0.835414116578205,0,0.15789004536651605,1,0.16271185845567254,61,3.1267970345885057
CLT_0113,0.7051832550144648,1,0.8942510613371243,0,0.0,34,4.551742728483709
CLT_0114,0.5812000479970189,1,0.7562087195686736,0,0.14555757976284844,37,3.99548984367776
CLT_0115,0.7640472204008729,1,0.48584905711662424,0,0.16567988597018163,40,3.7759747072593255
CLT_0116,0.7014794853685493,0,0.28877012860379436,1,0.1741524020215267,54,3.2379840073130013
CLT_0117,0.29033601418533816,1,0.7374568829204203,0,0.18821428668728002,45,3.361753081196618
CLT_0118,0.7872202343280708,0,0.08809103941885044,1,0.22820222458714307,60,3.234808341745978
CLT_0119,0.5235671850709217,0,0.5453763983642457,1,0.20613191128155028,59,3.1583788227870957
CLT_0120,0.7046139783075314,1,0.8348744878391618,0,0.10242467050542192,38,3.9920432967544346
CLT_0121,0.7913470339724187,1,0.6857354407210238,0,0.1837658571418771,36,4.029444305001928
CLT_0122,0.38745086460910494,1,0.9592127516357027,0,0.0,35,4.357551357901392
CLT_0123,0.2157805236412208,1,0.6441294078175137,0,0.21002841929514932,47,3.516806515706024
CLT_0124,0.3236769320593572,1,0.9788359830668947,0,0.029504642642389292,36,4.2506294872375285
CLT_0125,0.4561765575505444,1,0.7628715790584882,0,0.16503411943532367,40,4.027500038344922
CLT_0126,0.713588001559843,0,0.3819090518072045,0,0.16548534499743162,45,4.009209381277789
CLT_0127,0.7530902350772593,1,0.49700757100670423,0,0.19685677556670472,42,3.785266315346468
CLT_0128,0.027526012664393196,0,0.5448920485474315,1,0.37565035423105664,68,2.753247598569403
CLT_0129,0.5064291431981149,0,0.2827521188385337,1,0.3886585823957821,63,2.816559873032607
CLT_0130,0.45027393867525795,1,0.49407235728287446,0,0.2478285693082521,46,3.7647261342854774
CLT_0131,0.31917840422063964,1,0.24854176393684901,0,0.5975778907484226,57,2.3458020828194104
CLT_0132,0.22670978975152584,0,0.34501367515327497,0,0.6061202805090053,57,2.522119234988666
CLT_0133,0.40028876043518274,0,0.3296108598957225,1,0.3637070728135608,61,2.795829256263514
CLT_0134,0.8559662035702233,1,0.7887348301817079,0,0.002951467666881074,36,4.1213267068248545
CLT_0135,0.39088206220999544,0,0.5533554275253909,0,0.31503861525982224,51,3.0652643729663014
CLT_0136,0.5112432867094958,1,0.41112364864031836,0,0.2684607375355864,49,3.257107683746132
CLT_0137,0.6266494990453059,1,0.7950466970694712,0,0.07424885742482021,36,4.4883116367335125
CLT_0138,0.41692706715079264,1,0.5131445965674902,1,0.28514162897999806,55,3.3613104662539266
CLT_0139,0.9119810178941381,1,0.8689520459723593,0,0.0,31,4.3552323869230065
CLT_0140,0.8916712292562737,1,0.8440966620028529,1,0.01619692965536275,41,4.428688798673732
CLT_0141,0.3415274699596096,0,0.3359605229840943,0,0.4027653657741524,55,2.8362803883557217
CLT_0142,0.4983541984024525,1,0.78405672848892,0,0.08367089441678396,42,4.368706024836243
CLT_0143,0.37599375915894256,1,0.5913673851306543,0,0.32717090206311267,45,3.1901480417302723
CLT_0144,0.3650230495913036,0,0.30320264735841074,1,0.3796249133192465,69,2.4013561948896487
CLT_0145,0.10696428866703084,1,0.8456613788836183,0,0.17849015963221646,43,3.6985263118937315
CLT_0146,0.5663044302297346,1,0.664067498906032,0,0.1317442909497083,37,3.920265862022841
CLT_0147,0.5016024526609565,1,0.6142453695395966,0,0.1782711532713524,45,3.436344265458097
CLT_0148,0.1345291575070413,1,0.6805747954575005,1,0.3159717956914682,59,3.1810161816575624
CLT_0149,0.36071662368188273,1,0.8497235549365659,0,0.11307179790968072,42,4.236685394785231
CLT_0150,0.8062198658590429,1,0.6025092389296216,0,0.10555646286098559,37,3.828619218179493
CLT_0151,0.3324866645373362,1,0.5030270657908972,0,0.3801452939752283,50,3.207863028917403
CLT_0152,0.2524643880748655,1,0.7849625178864555,0,0.14418275661942248,42,3.740681409821616
CLT_0153,0.49369056204396117,1,0.848321494451258,0,0.04618442216900795,38,4.2078671655376665
CLT_0154,0.9483741725047053,1,0.4368433341846282,0,0.0,39,4.322188335198805
CLT_0155,0.3343487821520914,1,0.5482664201068818,0,0.2594264810997019,47,3.423338986115674
CLT_0156,0.6060591295351268,0,0.131147532083227,1,0.4897312187821232,64,2.5487540595990286
CLT_0157,0.6683989624564516,1,0.6091631491041335,0,0.1918358843041618,39,3.5629401186101743
CLT_0158,0.3310431397012229,1,0.6598219289872921,1,0.16001073601675447,54,3.863901330749428
CLT_0159,0.6441036009221626,0,0.44477733711111866,1,0.1314788485713824,54,3.789630429732892
CLT_0160,0.41954797255346504,1,0.7546801388114157,1,0.16648971388574088,55,3.738613462299968
CLT_0161,0.5805080702999246,0,0.3749672227833222,0,0.28955944570931985,49,3.15838083854671
CLT_0162,0.5812794714896597,0,0.24702817367061808,1,0.3427289528399031,61,2.728879932132152
CLT_0163,0.5214246085170782,1,0.8580229905559448,0,0.05519891319857832,37,4.452263729016482
CLT_0164,0.1919426389019624,0,0.3032584385094299,0,0.5567344345452512,57,2.138585409537736
CLT_0165,0.7288852384872031,1,0.9727775329458658,0,0.02377438887113944,30,4.456823599854848
CLT_0166,0.38928577320849345,1,0.7464674640560136,0,0.159130576970188,45,3.967197469853194
CLT_0167,0.2902921830454073,1,0.4630241575492571,0,0.27013093426569335,55,3.237270930042608
CLT_0168,0.11477383097196253,0,0.4035329686670637,1,0.516518243569622,69,2.5241906958323246
CLT_0169,0.5548028359109362,0,0.23369093148411915,1,0.2985883024059866,61,3.032228932111968
CLT_0170,0.6096229797102894,1,0.771985094882225,0,0.09777235018694369,39,3.792734132453986
CLT_0171,0.0581577044232614,1,0.3975026595169082,0,0.7167204283696456,59,1.926351899385959
CLT_0172,0.5072343998796996,1,0.5038759679264327,0,0.26284693967254974,46,3.4801448409878213
CLT_0173,0.32257112536563126,0,0.5207746883523625,1,0.3089645792571438,61,3.5852146729254124
CLT_0174,0.5886580267158191,1,0.5402254545085352,0,0.23521464390715913,48,3.2933142433397484
CLT_0175,0.27977210756578635,1,0.8552224601362485,1,0.12840721676834074,54,3.6640089895411405
CLT_0176,0.6184999819406246,1,0.5718152399836636,0,0.18435721820157372,42,3.5951782319986023
CLT_0177,0.4314001928860993,0,0.38610352029500977,1,0.3794039496089436,62,2.787967765943764
CLT_0178,0.8460618761491958,1,0.77590310758734,0,0.13732423342027747,35,3.956780400135684
CLT_0179,0.24515767420163764,1,0.6892258620893559,0,0.1780410512921558,46,3.5103135489825417
CLT_0180,0.40252001479376665,1,0.5864340743786275,0,0.2707789669626326,45,3.5264981569738305
CLT_0181,0.21965206823152528,0,0.17451841354323436,0,0.5978437922054194,60,2.159573210686039
CLT_0182,0.8281927632992804,1,0.32730284190392417,0,0.14334987218602635,45,4.084820748911767
CLT_0183,0.7702712115539639,1,0.5856835520230046,0,0.04924609005271557,37,4.090008855711695
CLT_0184,0.3460061269740429,0,0.3914097901229632,1,0.37714592776290917,63,3.185926285850833
CLT_0185,0.5981582574255766,1,0.9306866031394683,0,0.013098520466293322,32,4.469718076992787
CLT_0186,0.7129059222714125,1,0.8778247490618785,0,0.08386662695657421,33,4.439395759913551
CLT_0187,0.5331146142978658,0,0.45546408424853607,1,0.3001585832514078,57,3.156763183239862
CLT_0188,0.5177502179750715,0,0.4700429641826589,0,0.19328579618317077,47,3.4657797058804247
CLT_0189,0.33419753582432277,1,0.7614308714009012,0,0.16158661924751647,45,3.7078646665841073
CLT_0190,0.19550620086995052,0,0.20062832997193145,1,0.6076105590003545,72,1.698578551943021
CLT_0191,0.7926775227329044,1,0.9043999231253056,0,0.0,32,4.435419085641144
CLT_0192,0.7965127622491961,0,0.40063178683355277,1,0.11111292957165686,54,3.800180618441775
CLT_0193,0.5810094593341242,1,0.7115878121157213,0,0.1054178391134711,42,3.9830557832896005
CLT_0194,0.4012042900578331,0,0.10944808889005636,1,0.6545944881707084,67,2.1815861142387156
CLT_0195,0.4077545053690237,1,0.6582479209627004,0,0.22404912035864483,45,3.5415473415689505
CLT_0196,0.6425099410830986,1,0.6645869455908303,0,0.051025957544520065,42,3.759204616488543
CLT_0197,0.792552342288921,1,0.8732591785024536,0,0.0,29,5.0
CLT_0198,0.7809769038064308,1,0.705130951726382,0,0.11565229669600877,39,3.852384932770112
CLT_0199,0.6823660615713356,0,0.26049367197639595,1,0.33931444610655337,58,3.195133400619199
CLT_0200,0.5866600428781258,1,0.970070374051665,0,0.0,31,4.182233335938605
CLT_0201,0.18392572679154362,0,0.10925000213877123,1,0.6329219378580841,73,1.9237726976077543
CLT_0202,0.26830915099254027,0,0.2804311851982315,1,0.6200501757901866,67,1.8538896885119438
CLT_0203,0.7942720750111163,0,0.0503989303960547,1,0.2148401664853894,61,2.7600427548969884
CLT_0204,0.5643639340283617,1,0.7994727414614475,0,0.04394226943599428,39,4.149512812968566
CLT_0205,0.035303416995899006,1,0.9131763808626947,0,0.11048990301192967,49,3.8341085170095344
CLT_0206,0.20575869326087398,1,0.5722521600506105,0,0.20794761640539774,50,3.489404597160619
CLT_0207,0.6004350591541392,1,0.8690620824705385,0,0.052486976601997526,34,4.320082627264855
CLT_0208,0.020602117150398447,0,0.21719897192947335,1,0.7830647282269195,75,1.3442711419948181
CLT_0209,0.2675539116852927,1,0.9072394314190532,0,0.11415562258385414,40,3.988564162462117
CLT_0210,0.5292161907497946,1,0.8069849506469271,0,0.040173562562429155,36,4.309484172329723
CLT_0211,0.6191411596223102,1,0.8356406552062394,0,0.0668820675335565,34,4.213548839188613
CLT_0212,0.5929955723165778,0,0.023757219168900723,1,0.3510639029892547,63,2.8535504900177213
CLT_0213,0.32085377212752847,1,0.9546060466864935,0,0.043598319944802864,43,3.9618447816016853
CLT_0214,0.6329191583068896,1,0.7925274069945819,0,0.031391897950529796,37,4.399239565965939
CLT_0215,0.3307510608514447,0,0.22354453446190464,1,0.4992369546494569,65,2.3490835762345994
CLT_0216,0.392325549058557,0,0.4993848734349306,1,0.25442025242889804,58,3.1861596445544658
CLT_0217,0.6572122040089564,1,0.5731020911456085,0,0.17889220538056513,40,3.890312185272812
CLT_0218,0.5915047577850948,1,0.878903301567878,0,0.09238998099028828,35,4.178599624011095
CLT_0219,0.7418557115410017,0,0.11061635205846204,1,0.21785828046706587,63,3.1501564782258464
CLT_0220,0.5966281503495944,1,0.7807184014920335,0,0.09036392373245748,37,4.353215341461826
CLT_0221,0.5410419934283512,0,0.33591523442230564,1,0.23235744947246206,57,3.102061533418883
CLT_0222,0.19622329072115208,1,0.4322124196273392,1,0.4413906005209974,66,2.3650295614066343
CLT_0223,0.41950555829276953,1,0.5495231023819764,1,0.25898910433269257,55,3.4255066259940268
CLT_0224,0.3512230607383845,1,0.24731726886020589,1,0.6193628530954478,67,2.362261775801093
CLT_0225,0.3357871087559311,1,0.6685756608804575,1,0.1645379672265379,53,3.4980745548266663
CLT_0226,0.9148650420665805,0,0.22178759243328933,1,0.1394619425190789,59,3.6782116245254564
CLT_0227,0.4353434327133461,0,0.3637547203980128,1,0.40910301420568584,60,2.5308971901328916
CLT_0228,0.7866280192255815,1,0.581969176323234,0,0.10322788509718009,40,3.825882444700474
CLT_0229,0.5797731047493455,1,0.5834585608912237,0,0.2629729399096773,42,3.723886253902896
CLT_0230,0.694230251502318,1,0.801217439872873,0,0.07938696704614012,36,4.233575722127476
CLT_0231,0.5015773719015824,0,0.056516337654861526,1,0.48971156633738044,69,2.6042521833394003
CLT_0232,0.5462622748331922,0,0.5671350382198649,1,0.19375113041165842,50,3.7877353838549697
CLT_0233,0.49552426432290614,0,0.5178112415823054,1,0.3044309727589224,57,2.7163932485333544
CLT_0234,0.2976212701023296,1,0.7628149146501426,0,0.2214172206892476,46,3.313604107726142
CLT_0235,0.6400514653833878,0,0.3612323736110509,1,0.19863960670442324,59,3.472840317668026
CLT_0236,0.3621992616111953,1,0.8929901973490051,0,0.0022885714157064585,41,3.9631952923305858
CLT_0237,0.07866038233308636,1,0.5116327995377865,0,0.43980301788513393,57,2.509130398408889
CLT_0238,0.5888488268420937,1,0.4105417895189342,0,0.2023545065469679,46,3.895671982488099
CLT_0239,0.2821814515104669,0,0.18947531553995714,1,0.5786334237832771,67,2.0287950853064625
CLT_0240,0.8519715289812495,1,0.8296216400901796,0,0.08709275484634006,35,4.293780977549845
CLT_0241,0.8751581775569806,1,0.3311644144992867,0,0.060633570654313504,43,4.092170199233621
CLT_0242,0.8147543147567267,1,0.7220871973472648,0,0.049340978499705784,35,4.121777584122229
CLT_0243,0.42104298787263295,1,0.9935827638868934,0,0.006616440586579814,36,4.034982637943904
CLT_0244,0.05489451942100976,1,0.8672998864239595,0,0.16783714872443456,45,3.789488767623224
CLT_0245,0.8333961062719124,1,0.6933415101845428,0,0.0,39,4.624278772481303
CLT_0246,0.45683019455387586,0,0.07107439092779863,1,0.47422932761540515,72,2.2455642489385084
CLT_0247,0.9004993360889075,0,0.5009119663172186,1,0.06022377531549207,50,3.9919281095611057
CLT_0248,0.8940825682255754,1,0.7297151116446041,0,0.08863182904338368,31,3.8988889047932274
CLT_0249,0.7454973167697783,1,0.4519706256808532,0,0.11487982387789217,43,3.7910790230732623
CLT_0250,0.37162551215339756,1,0.4291116433964841,0,0.26490404339622914,51,3.4094692238366258
CLT_0251,0.4303825108756357,1,0.9063268205584496,0,0.08434345357009877,38,4.2501431488942325
CLT_0252,0.7436895180303831,0,0.3998193531910347,1,0.12206447141116086,53,3.8594842389312136
CLT_0253,0.3867345372034972,0,0.4993019667405665,1,0.24757747813362718,61,2.8212446353260727
CLT_0254,0.2754419771383398,1,0.8832903001489054,0,0.05334567988722568,40,4.075094276619532
CLT_0255,0.5340805989242207,1,0.7169014646139343,0,0.12267483216971357,36,3.8319217579958136
CLT_0256,0.8451672424952483,0,0.32491199288856204,1,0.0742885044725407,55,3.7824312426209534
CLT_0257,0.6219190467064931,1,0.650264050944991,0,0.021950198164773727,42,4.206827488537453
CLT_0258,0.5421048766393689,0,0.22964619420536753,1,0.3975945607800215,62,2.980207569031009
CLT_0259,0.2005597918096111,1,0.6522725042898252,0,0.3417310936280008,49,3.205820933845333
CLT_0260,0.569682751776659,0,0.46045710705373116,1,0.2647507125580744,61,3.471065635434468
CLT_0261,0.9621986822027582,1,0.7311085208703785,0,0.0,32,4.318792714878142
CLT_0262,0.24772181829608708,0,0.5557368674518122,1,0.32413488485405934,60,2.741644334723742
CLT_0263,0.5109672884529218,1,0.6564893068745653,1,0.1676618999430747,51,3.9319224690169112
CLT_0264,0.7703073940243674,0,0.3680668559472736,1,0.17509009013794105,56,3.62155109848579
CLT_0265,0.6530623221302152,0,0.38020112194200745,1,0.2484486079356419,54,3.1987710642405367
CLT_0266,0.622583682715532,0,0.3604855960494839,0,0.20465448125045063,49,3.647998024543168
CLT_0267,0.6262858963203347,1,0.7801847961562551,0,0.08624781970030605,38,4.258814084844186
CLT_0268,0.41430656465388943,1,0.5467397907841517,0,0.28833554927208904,49,3.341408615829944
CLT_0269,0.3710402780653875,0,0.3225180024375325,1,0.4989000049099338,64,2.282221960035659
CLT_0270,0.7062244050856802,1,0.4407796531461287,0,0.19951061707642445,42,3.5989485783057056
CLT_0271,0.7068573629140357,1,0.6277554041057126,1,0.14857359685022647,49,3.792920715034673
CLT_0272,0.7595058626387012,1,0.6774965165099414,0,0.08175152845442356,36,4.1799818417999095
CLT_0273,0.8126201736171719,0,0.39092276532284087,0,0.18465174374771434,43,3.9555879904041804
CLT_0274,0.5067852208378945,1,0.942187417257998,1,0.04900216002786232,45,4.042651308239471
CLT_0275,0.5009069645689574,0,0.3648844027795187,1,0.2739273757576909,59,2.9878032423996093
CLT_0276,0.6970607161214544,0,0.44161503175414163,1,0.2393252409152043,55,3.8804616451064375
CLT_0277,0.5917165129208761,1,0.686232104893286,0,0.16300141397459733,41,3.862395612652917
CLT_0278,0.6259345581195866,0,0.3816206189489754,1,0.20916215536616387,57,3.573686196081351
CLT_0279,0.6950250281606644,1,0.39938454871117895,0,0.1591980319731159,48,3.824860816502374
CLT_0280,0.7842848542217744,1,0.5571716989119738,0,0.11035354878096562,38,4.066504067323195
CLT_0281,0.4005348146131369,1,0.6163198954991483,1,0.2531621047372333,53,3.301943167635357
CLT_0282,0.4244461686792805,1,0.6703385311162652,0,0.19960253473641007,43,3.1112190326440565
CLT_0283,0.19660734863978957,0,0.0540503140956084,1,0.7755344598842318,73,1.232142452607507
CLT_0284,0.5470999513754914,0,0.1298427906986949,1,0.47909211113234684,66,2.5150153225360388
CLT_0285,0.10500783695416827,1,0.5703980688988638,0,0.43806751917661657,51,2.281337935894687
CLT_0286,0.47939937080961265,0,0.6860385020828789,1,0.17298033292046094,53,3.607698512585077
CLT_0287,0.5255520513652834,0,0.23676812000248815,1,0.4091793288358119,63,2.845212182788227
CLT_0288,0.36619848017463463,0,0.3082904440631957,1,0.38678037265409815,64,2.9235017838762687
CLT_0289,0.5547662695805847,0,0.16495005304358382,1,0.3916887554672805,64,2.864882728386122
CLT_0290,0.0932360237152246,0,0.3698987559004891,1,0.661818427048312,66,2.0914262653754325
CLT_0291,0.107910853067618,0,0.21128418118302955,1,0.6927025272108877,77,1.9503533881978472
CLT_0292,0.717566204877325,1,0.526875393418452,0,0.09124468177179487,42,4.237543023983249
CLT_0293,0.4147501416366795,1,0.6910605516590129,0,0.14820232395475202,43,3.8709512516529454
CLT_0294,0.2344025241537639,1,0.1897818811843489,0,0.5658192947830288,59,2.2828281032410964
CLT_0295,0.5133109592369748,0,0.010612819781381955,1,0.4422858022774484,71,2.504929162732761
CLT_0296,0.6747378316143401,0,0.17815621842262314,1,0.24878928554062685,60,3.197676881257382
CLT_0297,0.3142585933849314,0,0.04490068729842084,1,0.5846727951901342,73,2.2429592450480413
CLT_0298,0.574598605285258,1,0.44484366658915053,0,0.23694519521517785,44,3.6638021855218965
CLT_0299,0.18552541873260175,1,0.6044286695904297,0,0.36729665238605474,50,2.9855818371927034
CLT_0300,0.13488222294323693,0,0.4797354290871044,0,0.40470232006220885,54,3.1455610996364984
CLT_0301,0.5187722107106238,1,0.7170311565459647,0,0.2121366671552454,40,3.6269012798583677
CLT_0302,0.5243440721157193,0,0.3226610739292932,1,0.34771987979868396,64,2.693576169565071
CLT_0303,0.5837429394965435,1,0.5798756724339779,0,0.22640874691982651,43,3.5881544265900334
CLT_0304,0.6426054072200459,1,0.9248266386797189,1,0.0,47,4.0513862051222205
CLT_0305,0.9217561374970958,1,0.6339639313610506,0,0.07136633717902034,35,4.377879153203192
CLT_0306,0.509752428550723,1,0.42097186540521087,0,0.2292704417661348,51,3.288424658043013
CLT_0307,0.39071988856182394,1,0.7382990047907906,1,0.20396158656637414,56,3.419572529508816
CLT_0308,0.6945336317375668,0,0.11153558763896282,1,0.2799879643640195,61,3.3259619773924833
CLT_0309,0.35522395828111564,1,0.6077513630373637,0,0.28057508450963553,46,3.2374720754466315
CLT_0310,0.4633654304264804,0,0.32018869265140587,1,0.30603051802898185,63,3.1020042513238955
CLT_0311,0.17621609893476653,1,0.8799305213796268,0,0.054157811382929445,43,3.9182199110367546
CLT_0312,0.08119977327766442,1,0.6802618619314086,1,0.3236368846618685,60,3.0718083383511394
CLT_0313,0.8920821972733728,1,0.7799947565751184,1,0.0,43,4.385807917435595
CLT_0314,0.7295022627993012,1,0.9900293442267039,0,0.025857354430039847,27,4.453010811401147
CLT_0315,0.6218815981728263,1,0.46788436308799297,0,0.13284582389340446,44,3.8604134698263897
CLT_0316,0.44510273712403847,1,0.5691939756422737,1,0.28146179437991053,53,3.3466101833980018
CLT_0317,0.27882526588140344,1,0.632758071753045,0,0.20321943422227307,51,3.47416426559919
CLT_0318,0.2634950541314512,0,0.2800926676532312,1,0.5578303077244046,69,2.342290099275375
CLT_0319,0.34040018956413376,0,0.2750059207033654,1,0.5094875039534856,63,2.6904848944224082
CLT_0320,0.5295130419026528,0,0.5726169720586971,1,0.16623954983705838,55,3.3978858376281087
CLT_0321,0.6345871166521715,0,0.4243648121802718,1,0.23944584209191205,57,3.6734220992416415
CLT_0322,0.5982960994620017,1,0.7339435692263291,0,0.11989801917167933,41,3.884850244250246
CLT_0323,0.3616150829399879,0,0.2258649023287282,1,0.4672540773104823,69,2.845088828296155
CLT_0324,0.8768946440624101,1,0.8469776652109787,0,0.0,33,4.387222158019272
CLT_0325,0.6509957624196991,0,0.6452318534205386,1,0.025684301931112388,51,4.200268002300181
CLT_0326,0.5326037364795281,0,0.4931796814423242,1,0.25436842553509764,57,3.426989625128066
CLT_0327,0.5676414006642436,1,0.1139266162185224,0,0.304861308552351,55,3.077970323677409
CLT_0328,0.45160876782647236,1,0.7475537438833688,0,0.14320652342145873,45,3.830256223265066
CLT_0329,0.33855374554969353,1,0.3669669647316538,0,0.4055449193174439,56,3.137099503807117
CLT_0330,0.4120712198233175,1,0.5591058984003578,0,0.2931714701124817,46,3.276366963984742
CLT_0331,0.6655777567802259,1,0.3817324693304168,0,0.19166013954197927,47,3.555758149270894
CLT_0332,0.05175703869474507,0,0.36643652017559203,1,0.5842997209662042,72,1.8030082931689093
CLT_0333,0.22254863927103163,1,0.7721162100058871,0,0.21376209783341227,46,3.9014554511135464
CLT_0334,0.12471493079340168,1,0.4515205721572737,1,0.496828755411922,63,2.359730303459978
CLT_0335,0.11468295106044846,1,0.627419585107658,0,0.34565959126430085,50,3.369336413945027
CLT_0336,0.7478829703475329,0,0.29621862225870277,1,0.2008986499712831,59,3.2830851693955925
CLT_0337,0.6270841688217619,1,0.6199816112484108,0,0.0649362671439584,39,4.3729285159012985
CLT_0338,0.48454238721127185,0,0.11671247642146046,1,0.4931367123092105,70,2.5087294806629505
CLT_0339,0.20136424624571753,0,0.2787383044291345,1,0.6066488175970102,65,2.050962871923076
CLT_0340,0.494984749577609,0,0.44621046283166266,1,0.22883800536554308,58,3.184213399017883
CLT_0341,0.48412162968373645,1,0.39949370353689784,0,0.2975841859003301,48,3.171137580242352
CLT_0342,0.2787434691890826,1,0.4121465211877598,0,0.42202779637186394,54,2.6987321770886483
CLT_0343,0.460267122020435,1,0.6126906884389921,0,0.20231873017702015,45,3.8481239396833926
CLT_0344,0.4386819228522545,1,0.9338268321631494,0,0.05383719365738274,34,4.289189646302597
CLT_0345,0.57020703344398,1,0.7631923760939439,0,0.1733465902732253,41,3.5650015771990526
CLT_0346,0.5822663381444237,0,0.4048681606767211,1,0.3026949389109992,55,3.1209390140635613
CLT_0347,0.1234205342140226,0,0.25163822833907135,1,0.5903876023456142,70,2.031955945787722
CLT_0348,0.4238384232504258,1,0.7272026017908481,0,0.18827887860066891,43,3.284979477304908
CLT_0349,0.576457696387806,0,0.013861514795696417,1,0.4841180316808408,67,2.3896048520330524
CLT_0350,0.5018759518777811,1,0.7474068573544828,0,0.14516314477695824,40,4.037860668731834
CLT_0351,0.7488914897851151,1,0.9092636809677956,0,0.07733368315385769,32,4.202297071085225
CLT_0352,0.5973250998125188,1,0.7361607937251677,0,0.20685494833730061,38,3.7861585613937545
CLT_0353,0.2695064336155729,1,0.8795635328056947,0,0.13916354174885825,41,3.9857322841155436
CLT_0354,0.16497740667787675,1,0.791125269740324,0,0.18688054872298004,46,3.5887992369612727
CLT_0355,0.586906301777136,1,0.45755050292262256,0,0.2763368925510642,48,3.5034217313890244
CLT_0356,0.08399738830500164,1,0.9006962328516218,1,0.09820690171391096,56,4.050165380881117
CLT_0357,0.5516717020054239,1,0.39272315937245994,0,0.2734545445343162,50,3.039056522647904
CLT_0358,0.8516039413930502,0,0.33272030860683294,1,0.08145096440552119,57,3.7258452653526586
CLT_0359,0.5453926145840112,1,0.4773876027383608,1,0.3157541234467013,57,3.5660368323529594
CLT_0360,0.43229076528061383,1,0.24298646963879622,0,0.3888421386964797,52,2.996261277995197
CLT_0361,0.5874586380509932,0,0.2801895318255997,1,0.37356997711972517,60,2.868218196153621
CLT_0362,0.4749875502870163,1,0.5807438580211437,1,0.24510790034455243,56,3.2633736038597454
CLT_0363,0.527339806308574,1,0.6767119063416194,0,0.08284010422660497,40,4.330776612586615
CLT_0364,0.8536004916138825,1,0.7194505360869473,0,0.0594547682444308,32,4.084808276595063
CLT_0365,0.43100713784708916,0,0.0521365469023341,0,0.434326213725601,60,2.8809822046518936
CLT_0366,0.8891268787306199,1,0.45991772244027573,0,0.0911560086968741,40,3.9925231116807156
CLT_0367,0.8025606353735021,1,0.7107454349094381,0,0.10137181169624408,37,3.92624679003973
CLT_0368,0.29807592620044104,0,0.24255429507788015,1,0.5020515770983103,64,2.3647143369205024
CLT_0369,0.16319621299667625,0,0.43307647465438304,1,0.4805811377482662,66,2.4338277583463386
CLT_0370,0.20492782778746893,1,0.7552358255731039,0,0.2923130555289135,46,3.2565029782466417
CLT_0371,0.06274233454421785,0,0.5122592816396521,1,0.431851391825049,63,2.8613558069524587
CLT_0372,0.1971824240879242,1,0.7750705092541507,0,0.1276319691588904,45,3.707360793757311
CLT_0373,0.6132182596887161,1,0.6500245817694696,1,0.2094472714525039,48,3.5915894842013047
CLT_0374,0.16588529842323996,0,0.401819612716789,1,0.597080414754346,67,2.188965212120977
CLT_0375,0.38809399808464407,1,0.5695700560490774,0,0.2635674497000522,50,3.385261116685182
CLT_0376,0.7377357985002198,1,0.5869847334877405,0,0.1588922708494745,40,4.001591412601533
CLT_0377,0.07605345009384568,1,0.8264108941163166,0,0.2274608512590674,48,3.4172603289165013
CLT_0378,0.7105482940754433,0,0.2916248274007019,1,0.16791619051654996,58,3.645803279188254
CLT_0379,0.3629522933145286,1,0.8318234043374015,0,0.08287122281663473,41,4.182742487818862
CLT_0380,0.2248534862380142,0,0.49409452530275966,1,0.4536945906624051,64,2.7633641244163965
CLT_0381,0.6223958041616484,0,0.5223514257208699,1,0.26461281971943157,53,2.9374749799604194
CLT_0382,0.5783923269111543,1,0.9119904111680285,0,0.06524956096567132,34,4.328853991794864
CLT_0383,0.7704135983043949,0,0.2843925674292778,1,0.12030301779543975,57,3.8613130030563347
CLT_0384,0.6489722053757616,1,0.593807665741825,0,0.2419378548728907,42,3.488971971740911
CLT_0385,0.7013213243727991,0,0.3558510060349247,1,0.16584502353348424,56,3.458279005189721
CLT_0386,0.3630772576968684,1,0.621054344764917,0,0.2246022168576135,46,3.41571622460034
CLT_0387,0.2824688243492144,0,0.365093022109591,1,0.4726824419990736,67,2.255163243398372
CLT_0388,0.6602292649254704,1,0.7816833523490317,0,0.15188562888711526,37,4.056606275927468
CLT_0389,0.704108199412182,1,0.7730229325281704,1,0.1098594520139935,45,4.3669311822849854
CLT_0390,0.9636979861601858,0,0.25770079984949384,1,0.04769023085524224,52,3.874333298326664
CLT_0391,0.44734608495060907,0,0.14723188260905534,1,0.4944500652113096,71,2.2338020945290493
CLT_0392,0.42221118502579125,0,0.2841786845046764,1,0.41576928304549554,65,2.6649163051246383
CLT_0393,0.6796741803587001,1,0.4777843048681977,0,0.1951861462985711,45,3.3363480791116666
CLT_0394,0.4023503776385877,0,0.5531875132751513,1,0.1405593100727542,57,3.487157325960872
CLT_0395,0.8369797061255512,1,0.6080916134908848,0,0.04905864738708711,40,4.173795662782471
CLT_0396,0.7507865917365022,1,0.4877933726058704,1,0.13971485609388157,53,3.505579202949452
CLT_0397,0.45732181211386425,0,0.03252354998791329,0,0.46747766253409545,61,2.8197140375738994
CLT_0398,0.6604175800432529,1,0.7520990923036786,0,0.10349895603556902,34,3.8475868073539985
CLT_0399,0.6631253431341437,1,0.7477947974574688,0,0.0747379800169929,39,4.305276738108104
CLT_0400,0.2077252055033984,0,0.2413038325444217,1,0.6888696350720019,68,2.080209881222383
CLT_0401,0.7991088373210278,0,0.07819670485481323,1,0.2638331219837672,64,3.2171304891479124
CLT_0402,0.503141757794924,0,0.2743495341194024,1,0.33725513647682004,66,2.85943737099307
CLT_0403,0.720955240172229,1,0.5896653709310954,0,0.10695984243921522,41,4.031055819888888
CLT_0404,0.3888036282175887,1,0.7674093739811616,0,0.13846116845289413,41,3.8125255697513523
CLT_0405,0.7906780035019104,1,0.7329352226439225,0,0.03331955858251079,34,3.9117766951595803
CLT_0406,0.43293073516485037,1,0.6177169602696668,0,0.22653221150023264,45,3.3595785440657395
CLT_0407,0.0407151768329066,1,0.5341756109229886,0,0.4089441632582807,53,2.8737432506251293
CLT_0408,0.8025996225462206,1,0.9837730283608033,0,0.0,29,4.322634592338305
CLT_0409,0.1932126753786717,1,0.6615626992326267,0,0.3041824856331864,52,3.1282166490863967
CLT_0410,0.38831743463087054,0,0.41005793586986766,1,0.39233375441736934,64,2.835797853452926
CLT_0411,0.8681750038550886,0,0.13019775401063843,1,0.07444588974138322,59,3.8159745640598115
CLT_0412,0.8691422614389932,0,0.3099519353082366,1,0.13506590078209346,54,3.892024645602276
CLT_0413,0.5441549277560503,0,0.03489418236142644,1,0.40835984470624515,71,2.6463448587175296
CLT_0414,0.5802129073374084,1,0.6858518889561526,0,0.14453358410244077,41,3.949502653814784
CLT_0415,0.4690843826756654,1,0.955880670185182,0,0.06444084185519285,35,4.068864690742213
CLT_0416,0.37077983616117827,0,0.2623073503225971,1,0.46249046165752433,64,2.2791954033006223
CLT_0417,0.39446427197111783,0,0.04728235134022629,1,0.5996416205942176,72,1.9030131129307077
CLT_0418,0.6063097836371025,1,0.32120194098529237,0,0.24141467252583648,48,3.3162564091814892
CLT_0419,0.6615240112730141,1,0.6294878173660232,0,0.11558614818102403,40,3.9526826236088786
CLT_0420,0.6916262998161578,0,0.14291628252611904,0,0.2540091057807265,52,3.1481888944053447
CLT_0421,0.6900566622569595,1,0.29725499219840534,0,0.18048221597327335,46,3.847592900362197
CLT_0422,0.19311032029854053,0,0.44930470225413877,1,0.43551164425546873,64,2.4655371479696297
CLT_0423,0.4966624395598517,0,0.2972881990292015,1,0.27627032864995743,61,3.071192772557616
CLT_0424,0.14480429475608264,1,0.5774897077712038,0,0.3367712999783138,53,3.0912031559603346
CLT_0425,0.5296950834297277,1,0.8988705250869053,1,0.03331791459331489,46,4.342442725469846
CLT_0426,0.4649119611299115,0,0.1132064196248242,1,0.46170365018076803,67,2.835434278735649
CLT_0427,0.7816728854862779,1,0.9475189531863887,0,0.0,27,4.90417891387918
CLT_0428,0.4088455874430587,1,0.5911595029961831,0,0.23859965384277282,47,3.2437735697974954
CLT_0429,0.2236470173575027,1,0.8901055107524316,1,0.10928899040762677,51,3.7429312354688014
CLT_0430,0.2505989426832491,1,0.7315912266741696,0,0.2448716722300955,44,3.40773701856124
CLT_0431,0.6683171827355225,1,0.8487708470644488,1,0.017671850155770774,45,4.264139855599837
CLT_0432,0.5716816137589371,1,0.9787159371356919,0,0.0,33,4.510215365702236
CLT_0433,0.2053411563231886,1,0.577015780909219,0,0.28402592982406394,49,3.206858801674513
CLT_0434,0.18388161522939928,0,0.6585869645682441,1,0.2542733089564462,58,3.123831231691221
CLT_0435,0.6252574913371424,0,0.26481594892460825,1,0.2579086497380893,57,3.0622131121996836
CLT_0436,0.16817147733883786,0,0.2629285677815343,1,0.5746172372481604,71,1.5609265481354666
CLT_0437,0.7169201008585775,1,0.6052282059201674,0,0.04694612643950272,42,3.8906805000612072
CLT_0438,0.6288463627197278,0,0.33625234915431135,1,0.22354631347390408,57,3.5524365923360826
CLT_0439,0.18017756425014486,1,0.48753476229113335,0,0.42920183042131016,54,3.101867411189006
CLT_0440,0.1848516760375255,1,0.7084364984729329,0,0.26741897289019734,47,3.67411369849147
CLT_0441,0.9513608875170076,0,0.33639366850526836,0,0.004406070346582098,43,4.44257956844638
CLT_0442,0.4236242270216941,1,0.8112948615961665,0,0.08811517890531603,42,3.8291803419867017
CLT_0443,0.4213468881215857,1,0.8530877513103082,1,0.0386763144349801,47,3.8602954262598734
CLT_0444,0.7091285057374339,1,0.6550808398556887,0,0.09875519299222635,36,3.7341896442992706
CLT_0445,0.863268956758365,0,0.2223265189490043,1,0.06391067465591577,57,3.738687579603716
CLT_0446,0.9494255294149088,1,0.5601396641287522,0,0.05090209428012878,34,4.2979149975460915
CLT_0447,0.6622643877137802,1,0.5183014087621491,0,0.07339344405241953,45,3.8149765296813603
CLT_0448,0.42486969541963887,1,0.3785787425089666,0,0.33941671347090585,51,3.217331848833319
CLT_0449,0.18307358865102974,1,0.6063052691270963,1,0.336674990618587,61,3.1006649737339926
CLT_0450,0.6802430237281303,1,0.566585530898958,0,0.1477790259283521,44,3.724589812382545
CLT_0451,0.5350486247704521,1,0.9584463581799313,0,0.15397210610906184,35,3.681115660253226
CLT_0452,0.45442262880648177,1,0.7103081830430017,0,0.17553930118006839,45,3.9970033617567986
CLT_0453,0.8038131965120068,1,0.6088185146260119,1,0.026541915357107385,44,4.182348145451026
CLT_0454,0.21708428344931485,0,0.3550096173777245,1,0.5001998952245658,64,2.8079236177033113
CLT_0455,0.4955885214027375,1,0.4748140304774612,0,0.176097514752078,47,3.7032186387887007
CLT_0456,0.04237359263990287,1,0.6568071261396156,0,0.32462057136166883,56,3.1130417028023794
CLT_0457,0.4812369508581647,1,0.7426757934798486,0,0.09183748714235915,40,3.851448738810994
CLT_0458,0.14273169307584072,0,0.3115014353682525,1,0.6359975125995802,69,1.8513349579518223
CLT_0459,0.2255681854270099,1,0.6363123411389575,0,0.25417427985978297,50,3.0827028104873033
CLT_0460,0.22415248243053731,0,0.8027608278143645,1,0.14718922631791875,56,3.3489086207887855
CLT_0461,0.5912345253561823,1,0.8842432552709865,0,0.015539468632158292,34,4.533794135050472
CLT_0462,0.6568868577449415,0,0.37621172696681143,1,0.30097252205494024,55,3.116282929362935
CLT_0463,0.5502018835689677,1,0.7157775409695218,0,0.11178058841340974,41,3.8951012322966365
CLT_0464,0.8911115172653191,1,0.7400124929305183,0,0.11993749734872808,35,3.8974780229592128
CLT_0465,0.424000036488691,0,0.16799779648046972,1,0.5199408269744914,68,2.2244052055508963
CLT_0466,0.3656257967688699,1,0.633035983433877,0,0.25689584199039883,47,3.658232087703977
CLT_0467,0.761076164314199,1,0.3427930146241276,0,0.17545907115138154,45,3.7489896154518414
CLT_0468,0.3203326337600456,1,0.6717813514561767,0,0.2427693693174302,48,3.2223753570556073
CLT_0469,0.8932612306732681,1,0.7034357221319423,0,0.0,33,4.646928899890531
CLT_0470,0.04490827508936229,1,0.5405921109732379,0,0.4248325034605872,58,3.0940596788464783
CLT_0471,0.9076182491803394,1,0.9558928004467038,1,0.04633259887770173,37,4.327437886889846
CLT_0472,0.11938365440188914,1,0.9061897364365051,0,0.08016599230517518,44,4.188467007091414
CLT_0473,0.7855878389182489,1,0.7901768457401099,1,0.0,43,4.518592882171581
CLT_0474,0.5165814015286032,0,0.3324450089564454,1,0.3200882756439875,61,2.6857934102792123
CLT_0475,0.9721779354977627,1,0.876968496844782,0,0.08862826622936626,25,4.67976546040695
CLT_0476,0.16965738226740312,1,0.4671151495010267,0,0.504821587490097,52,2.823148491379712
CLT_0477,0.532302273834709,1,0.8272828552375675,0,0.0776792154068495,40,4.186868574922594
CLT_0478,0.9063214130225505,1,0.4616559492482614,0,0.09800377383504354,40,4.0086936871920615
CLT_0479,0.5138228769318455,1,0.8294095892868779,0,0.06461180408511799,39,3.872244392407691
CLT_0480,0.5786787454327669,1,0.569793520176878,1,0.09606155446069486,56,3.709175331096618
CLT_0481,0.6217297068573668,0,0.5401725514985232,1,0.12771576433320497,51,3.855513909049815
CLT_0482,0.4727551774879955,1,0.9359863313984904,0,0.1118953137655551,39,3.791021746807448
CLT_0483,0.5775227709393741,0,0.13566286996087212,1,0.35146310158167937,65,2.847361694575636
CLT_0484,0.5507791097628496,0,0.2992305195024226,0,0.3026310909113962,51,2.997004206150586
CLT_0485,0.7974089492989903,0,0.7195181883858754,0,0.041831195103684125,38,4.163183807736557
CLT_0486,0.12368513157017763,0,0.3089301148244616,1,0.7008016449820647,70,1.447018850169247
CLT_0487,0.3623321102265967,1,0.8725685774189813,1,0.16255687209616418,50,3.3717884434855083
CLT_0488,0.8687944812920237,0,0.35903518924315253,1,0.19503713214131874,48,3.6721026418174794
CLT_0489,0.7845801456024455,1,0.6231521061787644,0,0.07322825789699311,40,3.985537140737564
CLT_0490,0.4734263968171198,0,0.21390874074253524,1,0.42871613125512564,65,2.53029759453469
CLT_0491,0.572875657017609,0,0.16910707216741006,1,0.2790624684181706,64,2.964210366866936
CLT_0492,0.359831867042444,0,0.45277865084957486,1,0.42416039070605627,62,3.230744152275255
CLT_0493,0.2916518995400237,0,0.2634178877916714,1,0.4633675624521699,70,2.555012149544519
CLT_0494,0.4782590461370863,1,0.6885797503444049,0,0.17331947629566835,42,3.9193181903024006
CLT_0495,0.4104018339569827,1,0.6796878624940739,0,0.1339903224531706,45,3.679616479404034
CLT_0496,0.5503772711545639,1,0.7194877281711529,0,0.09668135179738419,40,4.144151726111615
CLT_0497,0.17521482287018675,1,0.8739501100226057,1,0.06210095927971361,50,3.92403707501139
CLT_0498,0.9181823705869379,0,0.718476957051601,1,0.0,41,4.148736240787068
CLT_0499,0.9500581070642896,1,0.6391624673023643,0,0.0,34,4.818822010641129
CLT_0500,0.6233572865038026,1,0.8492718747087004,0,0.02935721036365606,36,4.421469017980849
CLT_0501,0.5216177351085881,1,0.812731637097562,0,0.1312525591767905,38,4.07322080905758
CLT_0502,0.38181136833024953,0,0.3516468149215057,1,0.34556142866927286,63,2.709425618831881
CLT_0503,0.7099745473084565,0,0.6472973707473115,1,0.11331981106520193,46,3.6290308050412032
CLT_0504,0.6143622717223656,0,0.16751031523364443,1,0.3819373884631393,60,2.833927595817757
CLT_0505,0.26921579814030044,0,0.10817378399374852,1,0.6260726912360147,71,1.8085567982320323
CLT_0506,0.8096185911960974,1,0.866151817665239,0,0.0,32,4.586630976276757
CLT_0507,0.7175109019454224,1,0.6544611217401495,0,0.0860847348034031,39,4.222793739807736
CLT_0508,0.8677120232351093,1,0.8615764640030921,1,0.07729802993170848,42,4.079434098241735
CLT_0509,0.6423437873453957,1,0.8935778982684938,1,0.047767907395701414,43,4.292010965923118
CLT_0510,0.5686933124730185,1,0.3865070954045813,0,0.2380428777719766,52,3.4418079735481837
CLT_0511,0.45078145494500477,1,0.8865070913578583,0,0.08652624271789854,40,3.8857217884466513
CLT_0512,0.8399276253281377,1,0.6588517159783438,0,0.0,33,4.398175813424158
CLT_0513,0.7584742978573984,0,0.321609192095954,1,0.19791679172825888,54,3.520224829325091
CLT_0514,0.12326172702292021,0,0.3778168330919868,1,0.56592216061543,67,2.369862786411381
CLT_0515,0.08365228822447474,0,0.5967845244346928,1,0.3540951548298053,64,2.909249018987695
CLT_0516,0.42499720656242057,1,0.28091756364687576,0,0.37154511969258536,56,2.829789240365066
CLT_0517,0.7072281542303842,1,0.6723941205726758,0,0.05157973189074305,38,4.4044020004993785
CLT_0518,0.9533175999923971,0,0.40975756960910636,1,0.05429480005426293,50,4.068438289654724
CLT_0519,0.2578005225166321,1,0.7904688146268952,1,0.21696296142484217,55,3.7402080411095557
CLT_0520,0.5567883332365662,0,0.4123826141341439,1,0.2285734936573382,56,3.3891572131198444
CLT_0521,0.4277628488376747,1,0.47056558019780165,0,0.32588137929246275,47,3.020213394063643
CLT_0522,0.9076986555396601,0,0.22084274977268797,1,0.0,58,4.263313236961537
CLT_0523,0.7351571811757147,0,0.2500935240486494,1,0.1693764584126818,57,3.4257706608148135
CLT_0524,0.7316517200951553,1,0.8353643696023096,0,0.04262674158472487,37,4.306490328011992
CLT_0525,0.4812564559861924,0,0.21029050134968197,1,0.36417253322214155,68,2.809332265765133
CLT_0526,0.44869187384887205,0,0.17341207804069386,1,0.40887931961506,66,2.670973564285639
CLT_0527,0.3570414185099988,0,0.6502953009964636,1,0.1914566593882573,56,3.4483028756516476
CLT_0528,0.14285158481834415,1,0.2226733408754985,0,0.6808939503633363,59,1.6339537428364665
CLT_0529,0.7571087901766036,1,0.9968968396131963,0,0.0,27,4.33398916163828
CLT_0530,0.7092146121718318,0,0.4038773785258841,0,0.06143218601224648,46,4.2614836848524185
CLT_0531,0.9987583769204281,1,0.8498597949857224,0,0.0,28,4.6061211837723794
CLT_0532,0.9859479973743774,1,0.5805083826240827,0,0.0,34,4.802387235343453
CLT_0533,0.5332539442098028,0,0.0192045138154745,1,0.48066675401613373,69,2.186211969037753
CLT_0534,0.6739703261057103,1,0.798397268236205,0,0.0,34,4.417857749396502
CLT_0535,0.8590526212447993,0,0.5030703316329115,1,0.04505442537445076,57,4.143438939597569
CLT_0536,0.742260960214316,0,0.4397474909872604,1,0.11808655088459272,50,3.6965574199249502
CLT_0537,0.3382715212925264,1,0.47800626014268305,0,0.4148350122810294,52,2.787014669825021
CLT_0538,0.47034890036090066,0,0.4475885915320894,1,0.2733342193625693,55,3.1979409155765492
CLT_0539,0.23659968890928812,1,0.8151494351068663,0,0.1602644279817585,45,3.665315984653038
CLT_0540,0.8753841490061542,1,0.7582786439845416,1,0.03718516948762587,39,4.3358814558955245
CLT_0541,0.5642066357326434,0,0.45549645221193813,1,0.1307627089557108,56,3.312862239502204
CLT_0542,0.32421931383729835,1,0.860898457380035,0,0.1324124967495971,39,4.264755153084916
CLT_0543,0.6057745950677773,0,0.37130452795176017,1,0.25861755232008665,56,3.0888497627311438
CLT_0544,0.5716256340274966,1,0.4228312343962275,0,0.272657736008378,47,2.9586473467167695
CLT_0545,0.4134634031539376,1,0.6774780377366798,1,0.38548281947585833,54,2.928273978783909
CLT_0546,0.21974634980038854,1,0.40877113828624867,0,0.35710283048058633,55,2.9301147399669443
CLT_0547,0.6056912040625946,1,0.6391422955897818,0,0.2285241994187847,45,3.5137044764937304
CLT_0548,0.5121517128815432,0,0.27315955862342955,1,0.34021548836396526,60,3.02640257036216
CLT_0549,0.6765176097840326,1,0.3920607152170291,0,0.21102409816793155,44,3.7514271313421563
CLT_0550,0.5120653594124174,1,0.6096187681913385,0,0.18820491376963489,45,4.014078469308538
CLT_0551,0.7446965135539211,1,0.44794982111908294,0,0.1197285186915775,44,3.754330873066414
CLT_0552,0.5311280086882834,1,0.8376065288422647,0,0.04765010378581122,36,4.404619956855809
CLT_0553,0.5365797889363254,1,0.939442171550861,0,0.04453915842010826,37,4.378463982745053
CLT_0554,0.7695365754516986,0,0.07871896406214851,0,0.13646289768006,51,3.201765940021201
CLT_0555,0.44174595525911103,0,0.645345398258887,0,0.2355163242840337,41,3.4429547143349644
CLT_0556,0.24160644914147805,1,0.6938707265309421,1,0.2113567464836757,59,3.1115152667945387
CLT_0557,0.08932664126034351,1,0.5832626102515577,0,0.32300817148259336,55,3.193355691955402
CLT_0558,0.6635654649842988,1,0.40770400545048485,0,0.17676818461813776,43,3.8116591199311194
CLT_0559,0.5729861017075584,1,0.6835858020989247,0,0.19797072096394291,41,3.786829495215553
CLT_0560,0.627371421023156,0,0.4741528521422278,0,0.16917892111445687,46,3.6546989452207264
CLT_0561,0.3119990343000707,0,0.4204467485266015,1,0.41665587759871314,67,2.588266878707271
CLT_0562,0.2439989752394856,1,0.3652533077934291,0,0.4433213359857408,53,2.7645083783809867
CLT_0563,0.052207506504991286,0,0.0792231813776065,1,0.9106014493707006,75,1.0
CLT_0564,0.40863622878052025,1,0.6368506424244117,0,0.24902876055134143,50,3.559916683370619
CLT_0565,0.5542054624698255,1,0.5808833882674715,1,0.2792703377633368,53,3.0583594941088847
CLT_0566,0.43481529881213876,1,0.5435528006322103,0,0.24919877670775958,46,3.3174596637390907
CLT_0567,0.4624604042623428,0,0.21144995576209774,1,0.45730961223644906,64,2.577925959396953
CLT_0568,0.8010830113758184,1,0.834803575201433,0,0.03776375232935925,35,4.227985392842133
CLT_0569,0.407143333300661,1,0.9226182614308713,1,0.11066986868464401,51,3.5830394647603825
CLT_0570,0.50836929210773,1,0.6379457297868443,1,0.14205537777987645,54,3.765486082381236
CLT_0571,0.6853270675451947,0,0.5708512436321456,1,0.1722917632694696,53,3.484964276367856
CLT_0572,0.43747183508214604,1,0.5952207278381901,1,0.2179648763601334,54,3.270993758392646
CLT_0573,0.5740960946745507,1,0.6722021696204997,0,0.13640096726041348,41,3.860704092304705
CLT_0574,0.7547263545100721,0,0.18205245727912067,1,0.2052085998450973,61,3.183154942997353
CLT_0575,0.8672199756067673,0,0.3848706187907933,1,0.09428891406328646,50,3.8763997417424627
CLT_0576,0.2545830132962567,0,0.7114029171574134,1,0.20931371570791352,60,3.298064638929268
CLT_0577,0.8308935873680741,1,0.7318518310662258,0,0.05608123406073653,35,4.144476402468724
CLT_0578,0.49528412829451485,1,0.6142534805359807,0,0.2735982937067486,43,3.34897206602834
CLT_0579,0.3462249934810178,1,0.7530650296041176,0,0.21071239616109363,43,3.8461712711504896
CLT_0580,0.47551822484549966,0,0.1180576692337319,1,0.5060204088490347,64,2.480145692837653
CLT_0581,0.9325170833602224,0,0.5516958178887156,1,0.007475897449485933,47,3.84311195432191
CLT_0582,0.49558432758150767,1,0.6847398512881677,0,0.11456011848781653,42,4.116753266192814
CLT_0583,0.39452119981353806,1,0.6593439729849483,0,0.2540250304252481,44,3.59747003969913
CLT_0584,0.5811982180453575,1,0.7235267865927468,0,0.1595898140641735,37,3.991269105271917
CLT_0585,0.33292343702736005,0,0.3769051862213994,1,0.4892854805690551,62,2.6610773754778885
CLT_0586,0.17259418608713162,1,0.4005999514306598,0,0.46574805374746636,55,2.680209887931579
CLT_0587,0.23630807749789273,1,0.7701368121372362,0,0.1640672270833598,42,3.9314747526287914
CLT_0588,0.23543652440846258,1,0.5495465974419481,0,0.26242601092554635,54,3.210617502989058
CLT_0589,0.2592175684374123,1,0.785955911805857,0,0.1389365448110106,44,4.016593915273715
CLT_0590,0.24646778217238802,1,0.8462094347805821,0,0.16571467121972236,48,3.7312218892316498
CLT_0591,0.5859255732625637,1,0.8350829771617643,0,0.04496315272957726,38,3.9496446424956795
CLT_0592,0.2863213875303139,0,0.34154010572656124,0,0.5019527334720452,53,2.805834299732812
CLT_0593,0.4054826115978012,0,0.3261962814598598,1,0.3910628717422838,64,2.7221064428266133
CLT_0594,0.7921708981164721,1,0.4780284923435112,1,0.12468372105611711,51,3.7188931328766994
CLT_0595,0.48441522289360006,1,0.8187137493015285,1,0.03608386166804299,47,4.005817392707394
CLT_0596,0.6030706278375122,0,0.20647217638753487,1,0.3192349733016562,59,2.97214263908336
CLT_0597,0.2779619128993708,0,0.3151566592447798,0,0.3449261771774674,54,3.1017844438008115
CLT_0598,0.29515949588779933,0,0.213133557279985,1,0.5452705322476502,68,2.0205312183865827
CLT_0599,0.11495699761546413,1,0.4700167283422497,0,0.3875343237757974,53,2.624500463123877
CLT_0600,0.27494219269978426,0,0.3793149471332617,1,0.5103322692829165,64,2.189138709870113
CLT_0601,0.36067741477973814,0,0.062481326114345925,0,0.6382472299190736,59,2.17452823788501
CLT_0602,0.28209384039391183,0,0.4446672821679777,1,0.4220103278607026,64,2.6308907014732013
CLT_0603,0.18990397152515026,0,0.2299646524039926,0,0.699852888230745,60,2.115533222566541
CLT_0604,0.22754592832474546,0,0.00019390704917893187,1,0.7248584613443478,75,1.555038173463359
CLT_0605,0.47650551763647925,1,0.6885112002906446,0,0.2504308278616613,42,3.712924977395517
CLT_0606,0.30669459090063705,0,0.055244583324733365,1,0.701613618869904,71,1.5651796617991205
CLT_0607,0.41733166311850967,1,0.5700258313371639,0,0.23870456939582885,48,3.3901458340287243
CLT_0608,0.5020440428547115,0,0.42038508173912964,1,0.34540370875742704,58,2.9915355036573144
CLT_0609,0.6181367604505899,1,0.3868772749127285,0,0.1788143544226062,48,3.618072658353254
CLT_0610,0.11187969001971626,1,0.8566787322249547,0,0.08606082068675677,45,3.937987233380158
CLT_0611,0.6979721192139622,1,0.16606906770188246,1,0.2214409060419402,61,3.129773855986312
CLT_0612,0.5777376344303962,1,0.5525659872474707,1,0.16248565925798253,54,3.284912319216107
CLT_0613,0.18073297987685555,0,0.44000309199731813,1,0.40595911595951917,64,2.8352382481436424
CLT_0614,0.7662706216931064,0,0.22930951990368717,1,0.24128716013471876,58,3.397626430991624
CLT_0615,0.8228573586059265,1,0.43823187200458236,0,0.08657037002562068,40,3.9410641115122798
CLT_0616,0.1504875033387134,1,0.6154925874526207,0,0.3442691004357395,50,3.1995872021381784
CLT_0617,0.35947927853492884,1,0.5666705845683216,0,0.24903890148365215,49,3.3921999300701664
CLT_0618,0.7035798850460013,1,0.8588322845567573,0,0.0,35,4.630274430605781
CLT_0619,0.6585032331744759,1,0.5908237334474499,0,0.15323524000900582,38,3.6435199946358385
CLT_0620,0.2885887403979428,1,0.8263808039863918,0,0.027901902156148628,41,4.198137273679315
CLT_0621,0.30911776575651295,0,0.555048613242006,0,0.3039773059088274,48,3.231068246153402
CLT_0622,0.42124000959932895,1,0.6518977659825314,0,0.1330518936767618,46,3.861771583100115
CLT_0623,0.490740399666666,1,0.9065788789850084,0,0.14693940271232703,36,4.257930686838688
CLT_0624,0.5717044922212254,0,0.25902245192932327,1,0.36292549131233787,60,2.8849742777462493
CLT_0625,0.42025978967057065,1,0.9559453713221376,0,0.030827929259262858,46,4.277873149468266
CLT_0626,0.47756026981575433,0,0.0928083165612221,1,0.5371383122038801,68,2.2235453655456334
CLT_0627,0.6579268430993489,1,0.7723305556892914,0,0.035563806671894266,36,4.498604514562889
CLT_0628,0.10654436205937856,0,0.31380544832243773,1,0.6402583598539597,70,2.062728310832317
CLT_0629,0.34200588426554346,1,0.6293195898903774,0,0.2538960503561025,47,3.38120064057293
CLT_0630,0.6337261768043995,1,0.7457804791752766,0,0.10631495989010853,40,3.921978833426837
CLT_0631,0.7903062838676865,0,0.41864089019945694,1,0.18552502714678792,55,3.612019511984574
CLT_0632,0.5069857009810527,1,0.1745418174540585,0,0.44358729237633177,57,2.5798779058829586
CLT_0633,0.5192274273078691,1,0.4977874603283968,0,0.2558861978774167,44,3.534288509733447
CLT_0634,0.21246825588715018,1,0.7854910938368079,0,0.08618820118702347,46,3.901720121914008
CLT_0635,0.4684615672628582,0,0.3983309306139209,1,0.27180791940391785,58,3.2803218482630285
CLT_0636,0.5195296676608221,0,0.6706899685812506,1,0.15208825355860542,54,3.5974957669874947
CLT_0637,0.33465799411964303,0,0.4523029388070912,1,0.36907448002269916,58,2.7709392136633118
CLT_0638,0.3540985100945311,1,0.9424228715490429,0,0.0,40,4.548437081324334
CLT_0639,0.42551060238279087,1,0.7801375228571408,1,0.2468924958313497,50,3.4574612619393656
CLT_0640,0.06775988204922379,1,0.5824222405599638,0,0.4651024424766788,57,2.642571491755917
CLT_0641,0.39014223364841216,1,0.4420098794741962,0,0.37040052456974415,51,3.1203477029986475
CLT_0642,0.3107936184080854,1,0.8223468209846866,0,0.12604154775163204,39,3.633880271712092
CLT_0643,0.3937005666461541,1,0.7512899419634437,0,0.14018231876190865,40,4.325094340034306
CLT_0644,0.22659752780350045,0,0.056558702842725295,1,0.6820639085925969,72,1.7578444624516434
CLT_0645,0.7848816217982288,1,0.6153987622280781,0,0.08660882044983274,39,3.6822489815353454
CLT_0646,0.5564580102731831,0,0.6488983702434479,1,0.16861594246568684,55,3.806098068880562
CLT_0647,0.610636632585358,1,0.6834810897008078,0,0.061152839990425256,39,4.004593111062606
CLT_0648,0.6896999780796635,1,0.6513736547474666,0,0.12488758343611278,37,4.202052269184887
CLT_0649,0.49906820846847766,1,0.6633230805939452,0,0.16088921996415156,44,3.801053190720378
CLT_0650,0.1875899751776311,0,0.1723690426729967,0,0.5769853086919221,62,1.9059782017960623
CLT_0651,0.5222242929432106,0,0.25490058790762765,1,0.31297114790105623,66,3.0102889072937833
CLT_0652,0.5523229823969783,0,0.25543108609964316,0,0.31264611410375054,53,3.2068074939881774
CLT_0653,0.6564461731988582,0,0.060599048064510413,1,0.41711917480508237,66,2.8730617638886264
CLT_0654,0.4589386968400334,0,0.4564166848020201,0,0.3219395531237218,49,3.3151006323207044
CLT_0655,0.2349485563527281,1,0.6435180524336087,0,0.2059529501648642,48,3.330707527392636
CLT_0656,0.3642857696646845,1,0.8459926761924407,0,0.12220646179120614,41,4.1410933407851624
CLT_0657,0.41658103784903694,0,0.5161969187979527,1,0.20489469207341826,58,3.3231120993351735
CLT_0658,0.5891323751639359,0,0.17414786774351576,1,0.39345045674037443,64,3.082640761497641
CLT_0659,0.5425400173361452,1,0.7576996135583504,0,0.08728649799014844,46,3.8970727066541775
CLT_0660,0.41215014774344716,1,0.670238487336844,1,0.1891684470619751,58,3.423552472893591
CLT_0661,0.9509819171207794,1,0.8841303085913629,0,0.07196954251376779,30,4.105088906897274
CLT_0662,0.5639595015124776,1,0.532752099454726,0,0.13938082904179705,47,3.6921044476834024
CLT_0663,0.33073428975160246,1,0.7677523269458969,0,0.08557949460444238,43,3.8708149456649075
CLT_0664,0.2061301352656561,1,0.73387092912601,1,0.18209188317931077,60,3.680170381093045
CLT_0665,0.2601256753571103,1,0.5808895223138681,0,0.36200802417975153,51,2.793086793633003
CLT_0666,0.3372449462021508,0,0.12753213077887077,1,0.5022651858287023,67,2.5363404062200012
CLT_0667,0.2674371432743573,1,0.7549191429740393,0,0.03792935284617813,44,4.305639323095647
CLT_0668,0.2903334338755834,0,0.4386280381134533,1,0.37582896959010254,58,3.1775620896581405
CLT_0669,0.36519924996387254,1,0.5920590716995364,1,0.2865482472511144,58,3.1675319271307414
CLT_0670,0.2788953869954168,0,0.38710557062420664,1,0.5019740877946378,59,2.292998101759788
CLT_0671,0.7921436828709947,1,0.6330326019490808,0,0.05311842376100783,40,4.134104597680767
CLT_0672,0.1786599497196305,1,0.7855735213620431,0,0.15554572439014203,50,3.8058448166331313
CLT_0673,0.5146697549704372,1,0.5215224338304136,0,0.28991467114302155,48,3.3360595733571143
CLT_0674,0.44598712044698136,1,0.8914407351782538,1,0.0,45,4.310108230243761
CLT_0675,0.938925251558892,0,0.21474234878064674,1,0.028533374750526898,54,4.2732414987715925
CLT_0676,0.2180370241160262,0,0.2544585298809623,1,0.5925070211154483,72,2.1342496696951216
CLT_0677,0.4382817112135756,1,0.37933254672665134,1,0.37110119582238515,61,2.897200516446312
CLT_0678,0.9066981066462794,0,0.1098326711979116,0,0.057563962519314685,49,3.6397654285458088
CLT_0679,0.7579066418921523,1,0.6907277884922589,0,0.07659479883864165,38,3.9705509457222905
CLT_0680,0.7127769000567874,0,0.20447609198073335,1,0.10407647526958341,57,3.646292888896647
CLT_0681,0.34597806932604064,1,0.8542377047476187,0,0.06241931714373769,40,3.738577812764751
CLT_0682,0.27668809328307625,1,0.26021133064134816,0,0.5577733886291057,59,2.10547686901417
CLT_0683,0.6037779088282027,1,0.625044124887887,1,0.09945109922133873,50,3.8096505450759843
CLT_0684,0.8349414763581222,0,0.2397107732395984,1,0.12844142838937658,58,3.6217254241941905
CLT_0685,0.5340574343701644,1,0.2818022619000604,0,0.3569825217599655,49,3.208984575097249
CLT_0686,0.543046465109603,1,0.46122495669438324,1,0.22906770050634007,60,3.261597599996562
CLT_0687,0.3616465918024485,1,0.6421237229909037,0,0.2369747296916362,51,3.476784354684611
CLT_0688,0.6743557416463037,1,0.6799412982561527,0,0.05608865029479141,39,4.0896036141219785
CLT_0689,0.29073848631284105,1,0.6375466272047561,0,0.24674366384496846,47,3.4807289111487183
CLT_0690,0.391195347402726,0,0.33128496147233955,1,0.43762763519686615,62,2.7290788396407937
CLT_0691,0.45516100721347696,1,0.7278971172575317,0,0.1561009086161375,45,4.0645674588793295
CLT_0692,0.5045523539664162,0,0.01359136271353617,1,0.4593872738925769,73,2.292756802488139
CLT_0693,0.33461275526874235,0,0.2998944709283582,1,0.4770521092246388,67,2.467507018604266
CLT_0694,0.22117605996580847,0,0.6642448614456296,1,0.2972246294274716,60,3.2659789980855063
CLT_0695,0.5669587276451157,0,0.3256597108448364,1,0.18952011288703868,58,3.1681987285065616
CLT_0696,0.3676384072485921,0,0.40426347478855146,1,0.4346746011906958,65,3.003197338344766
CLT_0697,0.5489022299452543,0,0.22711147701389484,1,0.33183555228588446,65,3.151230019064944
CLT_0698,0.26154689720846386,1,0.8179588831718013,0,0.15570332421943137,41,3.501924163993123
CLT_0699,0.4887152339446398,1,0.8173639329958435,1,0.15324138497375261,49,3.7846922634625786
CLT_0700,0.5195129681447621,1,0.6932714811742862,0,0.0787953907343974,44,3.9127572475615238
CLT_0701,0.13512847926835225,1,0.969157723366012,0,0.0,44,4.186055604775
CLT_0702,0.39963369958712175,0,0.11991010504765892,1,0.5139488794695104,65,2.444760771254788
CLT_0703,0.24201371139935723,1,0.27133809070130677,0,0.5131280602177533,56,2.7310911681136254
CLT_0704,0.15410169790420059,1,0.8158321031607042,0,0.2425341400287551,45,3.420520267097438
CLT_0705,0.9618897337238466,0,0.48295960824609735,0,0.0,37,4.281373440187101
CLT_0706,0.39032315668628115,1,0.45720767152090985,0,0.3031505744276915,48,3.352259211219286
CLT_0707,0.706656160277577,0,0.20342114650673057,1,0.2438909511055499,62,3.3363626088815135
CLT_0708,0.3436121175699945,1,0.27410884462483537,0,0.41635868204757,60,2.544913737280154
CLT_0709,0.6122223652380314,1,0.5797747079332143,0,0.14316993423700242,42,4.210871694345567
CLT_0710,0.6673559582097511,0,0.45998148009661427,1,0.19550660616475896,53,3.3989282521839317
CLT_0711,0.5577143152501749,0,0.32515437287852306,1,0.281831540072722,59,3.3521593215018943
CLT_0712,0.4829853414028649,1,0.60924309018014,0,0.19735770737998903,44,3.763114209214182
CLT_0713,0.4468709535235222,1,0.6213408804884891,0,0.1829807520926061,46,3.7968382128352163
CLT_0714,0.40753593740203525,0,0.0019360335575108745,1,0.5155935168321174,69,2.1650811593717023
CLT_0715,0.8351663675162151,1,0.5833928280582228,0,0.08475053403692183,43,3.6724474883235576
CLT_0716,0.7246584612322899,0,0.38794257320313535,1,0.25627148729081584,55,3.296767464457782
CLT_0717,0.8970248400560565,1,0.967067741936857,0,0.004311286080539283,27,4.518896620371833
CLT_0718,0.23147819835638944,1,0.8616360879827993,0,0.11759888880829455,41,3.7584400548163543
CLT_0719,0.645980009272072,0,0.030389020859142635,1,0.37789780760098646,63,2.9945506439581298
CLT_0720,0.8485905147501503,0,0.5622678998786701,1,0.002810267129371255,50,4.131738440840761
CLT_0721,0.28576321172757246,0,0.46654503306596173,1,0.4661388951774218,62,2.396083616432586
CLT_0722,0.158899916783109,0,0.46468515303287006,1,0.46036980215243034,64,2.665823648444257
CLT_0723,0.6533163725773048,0,0.29704157057342784,1,0.3252970231954202,60,3.1379723759009774
CLT_0724,0.5447840156070343,1,0.6344528391744197,0,0.1297512608810708,43,3.7467599843879604
CLT_0725,0.7348872018850126,0,0.22262021095718013,1,0.2969964271990719,58,3.3767432600784892
CLT_0726,0.24741146811652337,1,0.39157780767004735,0,0.4966493391926645,57,3.004328684302772
CLT_0727,0.6945993133385175,1,0.5409039740878333,0,0.1678602458497514,41,3.58532292367212
CLT_0728,0.3028760316700537,1,0.5524307867873728,0,0.3237124487347559,47,3.2065953655718373
CLT_0729,0.27016577004488634,1,0.6758059270602345,0,0.22418150067628329,45,3.633165184441008
CLT_0730,0.27072182438587766,0,0.4439386521004156,0,0.4655499882494323,56,3.117950461148621
CLT_0731,0.710638902941345,1,0.6709609342392343,0,0.10222909853609244,39,3.8963372714103754
CLT_0732,0.6015353892129931,1,0.37891325992625974,0,0.14912760096909622,49,3.5397592874140344
CLT_0733,0.5138034558391192,1,0.9494121237482633,0,0.0,32,4.2609057073845324
CLT_0734,0.41388735922012143,0,0.6220556584011703,1,0.21222566851266522,54,3.704760023880923
CLT_0735,0.7701223150924545,1,0.8242504690967029,0,0.055900844445914824,31,4.157543011503246
CLT_0736,0.43493971330894654,1,0.9880505900789012,0,0.003922712550810231,38,4.17487267210657
CLT_0737,0.7123710864818835,0,0.33771525262112567,1,0.25144078181788904,57,3.3367095043714596
CLT_0738,0.4634642724462622,0,0.6624642788578365,1,0.08354488051645499,51,3.9581911611069507
CLT_0739,0.42529814224916845,1,0.40598263578373167,0,0.34856227957659974,48,3.3627760680190457
CLT_0740,0.47764739118204225,1,0.6182699651700855,0,0.10849871828821799,46,3.909717335085008
CLT_0741,0.3763315740924946,1,0.5390655198896955,0,0.32545589643109635,51,3.2068065565503026
CLT_0742,0.6580279504569978,1,0.519154278142904,0,0.15971286129535534,42,3.7854642257099504
CLT_0743,0.5016271965186967,0,0.13036534868795333,1,0.4543827577800763,65,2.2808516360807016
CLT_0744,0.326943007527176,1,0.740849404126642,1,0.13122897262657424,53,3.667393735209367
CLT_0745,0.7954958103642686,1,0.8220638342751018,0,0.10036193796134707,31,4.185839435102542
CLT_0746,0.42963200058972445,0,0.35395669105928473,1,0.4205686628558529,61,2.623555270298785
CLT_0747,0.5260982079112548,0,0.13445812604174687,1,0.43935906034726135,67,2.2504223101212353
CLT_0748,0.8039606058054698,1,0.839323435854709,0,0.025023073953129374,32,4.148970984796341
CLT_0749,0.5754417360924001,0,0.3825622865467558,1,0.29113114795954415,58,3.136611827967619
CLT_0750,0.22346074480458156,1,0.6295768732496639,0,0.25230347055449664,47,3.633117486306449
CLT_0751,0.8509648612859748,0,0.4024396786004727,1,0.13183526834081163,53,4.042289167381064
CLT_0752,0.5776169001193378,0,0.2004262031717845,1,0.4202005036038486,62,2.6620155911524526
CLT_0753,0.39853140568460715,0,0.24354054251083443,1,0.5085171345515523,62,2.282059436810565
CLT_0754,0.2469124168833961,1,0.9126894185714126,0,0.029272391258189846,42,4.133605656551223
CLT_0755,0.6935950162484383,1,0.5781997239280022,0,0.14731257259989983,43,3.620894125347705
CLT_0756,0.5728383102257144,1,0.6691533755725325,1,0.07666792595862305,54,4.01397200695021
CLT_0757,0.520035979648349,1,0.8913861185187576,0,0.08075027078051862,32,4.646694389466553
CLT_0758,0.7887690235252334,0,0.42080292000593433,1,0.14487453542160694,53,3.5317936413750624
CLT_0759,0.6892423997552067,1,0.3861000374185961,0,0.09728326218555725,45,3.710364386787093
CLT_0760,0.25900079952143096,1,0.48182187123437287,0,0.32588038692519244,53,3.3274148847439453
CLT_0761,0.38327713192939095,1,0.21399144934114878,0,0.47059250285316095,55,2.7187549489449183
CLT_0762,0.3391119676065904,0,0.38000562639492186,1,0.3947038743098033,65,2.7875805157831017
CLT_0763,0.6553613318728877,1,0.6585432356122761,0,0.057205357730638076,37,4.52219883790502
CLT_0764,0.09990427259626555,0,0.12594882169045543,1,0.8061786675962299,72,1.0939468329873487
CLT_0765,0.542000842315543,0,0.6513542149365747,1,0.1722531563363106,50,3.3564217549347077
CLT_0766,0.6690291935400803,1,0.6971844896970981,0,0.09050963705459761,39,4.042964827487237
CLT_0767,0.7696564370569112,1,0.5495227708186572,0,0.06597495498644271,41,4.116942470739516
CLT_0768,0.4031750054409966,0,0.3169904852888012,1,0.46007250622208695,68,2.4152638653362737
CLT_0769,0.7163952517157958,0,0.4053785134806769,1,0.25140783266310673,56,3.7956332189412363
CLT_0770,0.2164413722479826,1,0.4068537855712353,0,0.4405867596417799,57,2.6578608441748166
CLT_0771,0.7392225104854435,1,0.5691779238232663,0,0.0817403535950766,37,4.011532187848502
CLT_0772,0.23485238117784646,1,0.8368550351990615,0,0.149390364610862,41,3.887004681535864
CLT_0773,0.4379312019268523,1,0.6642574580987045,1,0.17080893800113525,57,3.7211682432493425
CLT_0774,0.6962458490595264,1,0.7050976964028881,0,0.08260793880636881,41,3.9162966247985924
CLT_0775,0.2573224211276536,0,0.2852513249423555,1,0.5678104730802624,70,2.0884667764947493
CLT_0776,0.3246851140880408,1,0.3525908026187961,1,0.34173726389247616,66,3.0631196754899848
CLT_0777,0.6399118509851854,1,0.4968469315053142,0,0.24709457334800908,45,3.7066677383638402
CLT_0778,0.6383643045379761,0,0.2912138510723336,1,0.2599563981177733,56,3.314450298464048
CLT_0779,0.5860987517478651,1,0.528362404203792,0,0.17463673239457733,47,4.175285299201369
CLT_0780,0.6205188016485875,0,0.058308476443793666,1,0.35289252012540406,67,3.2185874480306884
CLT_0781,0.5256000388913491,1,0.8594342177439245,0,0.06480586938651525,38,3.8909900926522587
CLT_0782,0.3415397275823283,1,0.9752736549402792,0,0.0,39,3.9984850214817107
CLT_0783,0.4055010563956845,1,0.828794483174416,0,0.1765284102647024,40,3.9600557122335327
CLT_0784,0.2860779231305737,1,0.8660349139339698,0,0.09770691408578265,41,4.286159575186896
CLT_0785,0.8064538875970201,1,0.5495748058611468,0,0.10932815177630129,39,3.9748712126738988
CLT_0786,0.550215939255899,1,0.9523263478749422,0,0.06902033737201228,35,4.106041120905724
CLT_0787,0.44012742171036817,1,0.5199220732373921,0,0.21772434375850733,47,3.396112187695709
CLT_0788,0.4772426087837849,0,0.6379316417028359,1,0.2129475053771248,56,3.1857741527373276
CLT_0789,0.8633287262906123,1,0.9927361575256892,0,0.0,24,4.8120182002482785
CLT_0790,0.2605918287329232,0,0.4230566921261318,1,0.46893513496061967,63,2.4634065009207546
CLT_0791,0.5519493072940707,1,0.9752148176005448,1,0.0,40,4.3840160945004465
CLT_0792,0.5035223945204947,1,0.7158537446809138,0,0.1361175374347246,43,3.509266097774441
CLT_0793,0.5674760605748724,1,0.5602632048194507,1,0.16005565817247355,50,3.8762222548174305
CLT_0794,0.062433746958138414,0,0.2872109731337099,1,0.6899000846600901,72,1.838337879389418
CLT_0795,0.7647412859757101,0,0.3613987378954792,1,0.17373872106540814,56,3.265342566202138
CLT_0796,0.8390100115195674,1,0.40245969948588384,0,0.060816711355260476,38,4.2333838421899355
CLT_0797,0.5391180638291012,0,0.37567752980946556,1,0.2521302556476096,60,3.2307962303263333
CLT_0798,0.6223375872818919,0,0.7203255081811819,1,0.10008927492813914,45,3.850616015416493
CLT_0799,0.8251109514298146,0,0.16140974596847132,1,0.10182814030204371,58,3.139554492677028
CLT_0800,0.6295274881988232,1,0.8284794165023857,0,0.105642846166571,37,3.922714528758947
CLT_0801,0.25982210957941126,1,0.9049556138861503,0,0.05188939318769685,44,4.168490258571167
CLT_0802,0.5458877963653725,0,0.6237383515324535,1,0.025515595362713,54,3.9055938023940824
CLT_0803,0.5645407756457911,0,0.6562776521017838,1,0.13093596417787445,50,3.724482380372258
CLT_0804,0.4543670789350697,0,0.3268048366595506,1,0.3153902523780336,64,3.2741383083171636
CLT_0805,0.6499542962902848,1,0.9706623615521875,0,0.0,33,4.422259147180916
CLT_0806,0.8424145697282881,1,0.8087962942921647,0,0.0,32,4.031776749698904
CLT_0807,0.8294355717989943,0,0.14396246766175458,0,0.15147997581352127,51,3.645052885888059
CLT_0808,0.47052673302469133,0,0.3058844095163817,1,0.4339476907642683,61,2.6856631605928705
CLT_0809,0.21938778132578562,0,0.42681347690034194,1,0.46309562720423186,66,2.329943729478661
CLT_0810,0.9459773210083877,1,0.5528827668244447,0,0.0,33,4.59264331232785
CLT_0811,0.7321754094078443,1,0.7495836029507426,0,0.08986287877581521,33,3.8776838735337695
CLT_0812,0.23186705994119056,0,0.3984444589063437,1,0.43912011087798863,62,2.6150656587458916
CLT_0813,0.8228153373077409,0,0.14461369262315732,1,0.11683131588598566,60,3.339281756435593
CLT_0814,0.7624184899484454,0,0.3475741301530865,1,0.09728618994327948,59,3.6646326042252553
CLT_0815,0.5112716886800759,1,0.8166454306536355,1,0.0020191287118546813,50,4.296261411629199
CLT_0816,0.555037209214626,0,0.31618891517800146,1,0.2847743033443983,55,3.180098888919615
CLT_0817,0.4389888296109632,1,0.24547474184264612,0,0.4311997726629538,60,2.661000732841557
CLT_0818,0.14015263019580532,1,0.2240752436849044,0,0.6623456773827511,58,2.0419325451594554
CLT_0819,0.3987207875022164,0,0.2492795134957703,0,0.4305942765338483,55,2.793877390650271
CLT_0820,0.700802690381537,0,0.5965196013588749,1,0.07343294672237052,54,4.017268941334286
CLT_0821,0.018976482713710552,0,0.18352290313319253,1,0.8313955429362224,75,1.3952365530224027
CLT_0822,0.3976172448293068,1,0.7465739284871393,1,0.08680289919267288,52,4.150875364225029
CLT_0823,0.43847476318267664,1,0.5369192163193555,0,0.2988329424139994,45,3.3735658310578347
CLT_0824,0.5223978830320016,1,0.5953142249542741,0,0.14316793192233762,46,3.460531526619265
CLT_0825,0.8214621895637872,1,0.862273116414926,0,0.0,34,4.604690914952351
CLT_0826,0.40591851075022106,0,0.43289441757057,1,0.2635676694407552,59,3.4949407277564633
CLT_0827,0.40630824478994776,1,0.4309055085798738,0,0.31279660014730487,49,3.735595913166647
CLT_0828,0.6507118379636103,1,0.6494312811555298,1,0.17121512639653577,47,3.980862776768432
CLT_0829,0.4713569054096341,0,0.03672180965912469,1,0.5350117679154057,66,2.1859914033628467
CLT_0830,0.3211131053603649,1,0.6743037065548529,0,0.270032050854017,48,3.415338232453643
CLT_0831,0.4714903079774567,1,0.7601813387264003,0,0.15285361410766563,40,3.811219468830771
CLT_0832,0.2484899545348967,1,0.4555333941987278,0,0.3539886322534261,49,3.0293642839801915
CLT_0833,0.28154804820370877,1,0.5772866137809086,0,0.2871597961631478,47,3.316875638486512
CLT_0834,0.4990236905650197,1,0.6343695923066228,0,0.1441622158075622,49,4.005323866653359
CLT_0835,0.45119755592005784,1,0.914380823637899,0,0.11351675844958467,36,3.739673329571457
CLT_0836,0.814729885995471,0,0.7964756703395676,1,0.0,44,4.05293236482874
CLT_0837,0.4161455777119688,0,0.0533139628631612,1,0.5974117137701302,69,2.2959261402999087
CLT_0838,0.5485060663612232,1,0.8108070917128326,0,0.130067143884572,38,4.2545371801618295
CLT_0839,0.580481899795523,0,0.2563468089247281,1,0.4034569840166994,59,2.6580350432701896
CLT_0840,0.047824922181315066,0,0.2662288522507115,1,0.6781942700778097,74,2.055770521125849
CLT_0841,0.6004581450014064,1,0.8071485404262786,0,0.11266833787627904,37,4.226969343210798
CLT_0842,0.2829892671256068,1,0.9134654079680887,0,0.17612882307872946,38,3.776334979249932
CLT_0843,0.8888855342178719,1,0.9425749367282144,0,0.0,29,4.018648287311127
CLT_0844,0.2561174519314344,1,0.7194142101853681,0,0.13197085990252136,44,3.5222794631132763
CLT_0845,0.4485725161629185,0,0.24932385921240316,0,0.3199429537956471,51,3.045278247817271
CLT_0846,0.1855283256163754,0,0.46944068674064476,1,0.4677611336732396,66,2.6394803900529737
CLT_0847,0.9868906647014299,0,0.1956840566575106,0,0.0,46,4.379785250084022
CLT_0848,0.5013129383095067,1,0.7132905087954552,0,0.12436236108067464,40,3.8645984364778774
CLT_0849,0.5575584649148371,1,0.614645243133959,0,0.19236260953212897,43,3.65194565794186
CLT_0850,0.15977810876620885,0,0.3932143002392525,1,0.5190934050680902,68,2.286655509495777
CLT_0851,0.6597489769882019,1,0.5485935292236153,0,0.17486375668501888,42,3.73015809019402
CLT_0852,0.30956279442329476,1,0.5161490853807089,0,0.34518316619551903,49,3.1654269711969287
CLT_0853,0.7936751173320051,1,0.9133105911386548,0,0.08182947277754454,29,4.2602744690695085
CLT_0854,0.305730066284028,1,0.4381341353015459,0,0.34247075760452317,53,2.7388748758383565
CLT_0855,0.2938166751005787,0,0.3195052607079964,1,0.4467042806468654,65,2.532774261810741
CLT_0856,0.1062685369004227,1,0.5361202535069665,0,0.37595095227193864,54,2.9597671945032475
CLT_0857,0.4832795534134575,1,0.34156566265833116,0,0.3817360754322318,53,3.1561638534675973
CLT_0858,0.538941233810053,1,0.33456505633369693,0,0.3518245435262158,49,2.947314327835687
CLT_0859,0.15770100467502163,1,0.5041332609137488,0,0.44022932211334803,52,2.8493822975346728
CLT_0860,0.6789892400916466,1,0.8747661954839208,0,0.09937608209841717,30,4.305255414451252
CLT_0861,0.4720015776392039,1,0.5736493394898317,0,0.1662104327530332,46,3.7013870166465
CLT_0862,0.5145971834064904,0,0.6360543042097644,1,0.26002147140122184,56,2.922197696611651
CLT_0863,0.46444812731493945,1,0.7215298632468499,1,0.2252971343106274,52,3.6482425533113405
CLT_0864,0.4400730331976776,1,0.6532431700441729,1,0.23093959987744228,54,3.5421517786906254
CLT_0865,0.5357954386670861,1,0.7208086095831906,1,0.2186918623549143,49,3.568614489155552
CLT_0866,0.26237281321177125,0,0.3245594704015465,1,0.41539213730656993,64,2.6845803853293533
CLT_0867,0.2863627939015566,0,0.4508931670748749,1,0.3656406592851184,64,2.4801194598160357
CLT_0868,0.7541459623771808,0,0.21221877482547247,1,0.15691402193851128,59,3.6906624049988213
CLT_0869,0.8613319629425784,1,0.6118044664836046,0,0.08990427881504423,39,4.369595554236238
CLT_0870,0.42302142741805265,1,0.8943294781851857,0,0.008462589860593804,40,4.082174218050355
CLT_0871,0.35516200627324435,0,0.6286094676617016,1,0.27736148322901444,60,3.433893895184063
CLT_0872,0.5879111049527552,1,0.8931808117702661,0,0.11254580844727037,38,4.240116507149122
CLT_0873,0.444968677994676,1,0.6449493819280903,0,0.23182435893145942,47,3.2762729936705433
CLT_0874,0.0812864014087521,1,0.8215254034788461,0,0.17815459001014539,51,3.522771895351421
CLT_0875,0.2632287609349302,1,0.6721543514250453,1,0.1921535776776233,57,3.178925638417275
CLT_0876,0.6355396948120496,1,0.6821378592975518,0,0.07350558450184128,38,4.129192918993361
CLT_0877,0.5974737204385392,1,0.5252968541781079,0,0.25356143644864115,43,3.5970107991938325
CLT_0878,0.08538728635121734,0,0.3602081183983165,1,0.624129239197443,69,1.7087344676533212
CLT_0879,0.31907299315412196,1,0.5122191923331394,0,0.33019214939258307,51,3.2230331013707065
CLT_0880,0.32607707662675445,1,0.6005856836659974,0,0.24827898641264276,50,3.5419245871941873
CLT_0881,0.6059002440751733,1,0.866858386120809,0,0.0,35,4.543853473485808
CLT_0882,0.06679500444237263,1,0.5269320072938867,0,0.38792679309754224,56,2.985606806311076
CLT_0883,0.20888860918414853,1,0.3997113463366945,1,0.5704661460475388,73,1.8124126906162077
CLT_0884,0.6983862546516536,0,0.07584191140672994,1,0.21471600384446177,62,3.2959533993932943
CLT_0885,0.2834324159196231,1,0.9329571294081611,0,0.05751473887086137,43,4.181135814676835
CLT_0886,0.5934988425414259,0,0.31995764868201537,0,0.326810201591371,52,3.4429231541583554
CLT_0887,0.33145271267197096,0,0.27424728146821536,0,0.4224538778452526,53,2.8412188038641593
CLT_0888,0.203317305165721,1,0.8391773024088562,1,0.1373601838464849,54,3.757124018374632
CLT_0889,0.33517994750678626,1,0.8544554816980303,0,0.14365669117314775,38,3.733707663627958
CLT_0890,0.6399218990270616,0,0.23718298051241943,1,0.2752986698622874,60,2.9385920580691587
CLT_0891,0.7481137451390772,1,0.7756355102765222,0,0.1999344838235672,33,3.5828015282447976
CLT_0892,0.7243008211595567,1,0.8163660590646381,0,0.0,33,4.364199143507948
CLT_0893,0.4378671932943329,0,0.39218300665045636,1,0.3946102989291727,57,3.2712779843496547
CLT_0894,0.6034141679369408,1,0.4854260639928784,0,0.19543264569952445,47,3.5366857269894703
CLT_0895,0.3056043727120388,1,0.8810976879540012,0,0.12116125330100397,40,4.028433671770245
CLT_0896,0.3707367373305386,1,0.7015974282464117,0,0.20983913347558336,49,3.6644800321669666
CLT_0897,0.7916356523246342,0,0.21220660007837217,1,0.12749024802212874,57,3.434854734933915
CLT_0898,0.0475405256050041,0,0.28169018723547734,1,0.6956108063414321,73,1.6093639640697261
CLT_0899,0.185737826829383,1,0.3383529825817899,1,0.4458590657048944,65,2.690198849024028
CLT_0900,0.30794437789345686,1,0.4645293410356255,0,0.4007378550379605,55,2.9629872691159993
CLT_0901,0.08404727756191771,0,0.45513654407599746,1,0.5139770891101385,67,1.9269257932193744
CLT_0902,0.285937907936382,1,0.0024351088223274475,0,0.7442562815956995,64,1.8157738239924492
CLT_0903,0.5500021983501925,0,0.2776175679175198,0,0.377976422641915,50,2.9215473733211956
CLT_0904,0.4527202366688511,1,0.6938396469288794,0,0.18593635758062937,49,3.510567419776189
CLT_0905,0.7873507092312149,0,0.06276737120075465,1,0.20670632478943743,64,3.3827908053017963
CLT_0906,0.713096265569609,1,0.9657997357272585,1,0.0,42,4.594702496639653
CLT_0907,0.40300451813197025,0,0.18210606748984806,1,0.45266794417338346,68,2.4621216096390706
CLT_0908,0.3470762087411312,0,0.22326652077227233,1,0.5664844990639262,68,2.3950763324848987
CLT_0909,0.4270151213956378,0,0.22313751989737954,1,0.5169472241391826,66,2.046286114428537
CLT_0910,0.5544365058647232,0,0.18448572541644898,1,0.3514578678850399,64,2.900122953072401
CLT_0911,0.3532611320522686,1,0.1107263339908593,0,0.5774279814131443,63,2.1067279910885652
CLT_0912,0.5753859681258884,1,0.7939215025519024,0,0.04227310293430723,39,4.268844703986879
CLT_0913,0.44538377124122863,0,0.6727897319792622,1,0.24011396712418065,57,3.2658535968088733
CLT_0914,0.5312126084815201,1,0.5383612414822083,0,0.24968127061397394,53,3.084131957810077
CLT_0915,0.4616445256978184,1,0.7604814835560432,0,0.22600697634752873,40,3.465245991778143
CLT_0916,0.37163702302061685,1,0.8005285987799605,0,0.08142428963388601,38,3.784519505625547
CLT_0917,0.8653525768545528,1,0.8625223925619575,0,0.0,30,4.236454943395923
CLT_0918,0.6698925365231831,0,0.28046914299148146,0,0.2490948022266609,46,3.572273456715872
CLT_0919,0.2477508383765527,1,0.585123855895456,1,0.34441470846650024,62,2.8762670013776788
CLT_0920,0.7609408718265984,1,0.5972537971042082,0,0.08549677426203427,38,4.142185265308467
CLT_0921,0.4924809131048534,0,0.42356492238269156,0,0.2489037497239843,49,3.790383269174801
CLT_0922,0.7895392287872356,1,0.8427152258455071,0,0.07717265131475862,36,4.106932107777978
CLT_0923,0.6983364091799177,0,0.15631380668312822,1,0.29056617472857277,63,3.203067818295339
CLT_0924,0.4550254917676305,1,0.6209373250488204,0,0.1607657898425794,45,3.7670621156053983
CLT_0925,0.07401749473436986,0,0.5660493172580193,1,0.4696028804224247,61,3.120921312381325
CLT_0926,0.35369700895063827,1,0.8366943181424642,0,0.16405488609971106,43,3.187494265360962
CLT_0927,0.5249445844368393,1,0.9797637002469175,0,0.016328188651050936,35,4.2240327154342525
CLT_0928,0.5812470016471031,1,0.8071395169240536,0,0.08474079867064249,39,4.223306198101758
CLT_0929,0.345967119555607,0,0.2665784645671413,1,0.5073846879548974,64,2.253661590471231
CLT_0930,0.24699627838560173,1,0.725776254808558,1,0.16340634717138136,57,3.657734135579952
CLT_0931,0.7285468638035842,1,0.7594869019233649,0,0.06678960872742284,37,4.1635838323076575
CLT_0932,0.9446940010894809,1,0.4098557972280783,0,0.0,39,4.508661016810521
CLT_0933,0.5153761172047746,1,0.7041245001796006,1,0.18721111582208674,54,3.310452667257966
CLT_0934,0.2773929146618576,1,0.7835859225110469,0,0.07830768463834233,43,4.068603847475133
CLT_0935,0.35626608312250496,1,0.49807437202137217,0,0.39827754190132847,45,3.141324036348432
CLT_0936,0.06320779092206802,0,0.46485300092221915,0,0.4848155347491778,61,2.5533359080863476
CLT_0937,0.8140083940103814,1,0.7225418072156089,1,0.04102154577438727,41,4.2125464106709805
CLT_0938,0.2243995440399395,1,0.943841869832766,0,0.012169576059345856,42,4.488711413421507
CLT_0939,0.5460265672392293,0,0.050803615292050686,1,0.41650799743387706,66,2.3010052205154876
CLT_0940,0.35749772850084716,0,0.20328621673528882,1,0.5828169827396625,67,2.147077656412669
CLT_0941,0.5324975368479774,0,0.36532964113041577,1,0.1723195232343548,61,3.220931666474746
CLT_0942,0.5926489675252533,1,0.5815915898650661,1,0.23428736716899196,56,3.505206237497148
CLT_0943,0.7238735004639257,1,0.7861978565380385,0,0.0759376115225464,34,4.023474056003909
CLT_0944,0.3067651994551056,1,0.809716689570633,0,0.07155993035966365,43,3.563801431108271
CLT_0945,0.0412257105598301,1,0.43891718052689027,0,0.48418616190495595,63,2.650359059207436
CLT_0946,0.2445179368534467,1,0.6897877602033414,0,0.3181794342953031,47,3.1940383173581712
CLT_0947,0.796030593950324,0,0.32088392248247344,1,0.09124355897289901,58,3.829973745319429
CLT_0948,0.7665993484789231,0,0.25517573577962466,1,0.11617494300794434,59,3.9487332909171307
CLT_0949,0.5588048532125253,1,0.9258600166871042,0,0.08957592793879048,34,4.227595724727212
CLT_0950,0.5607151571129384,0,0.49793838450563455,1,0.23747570169636237,54,3.415837890941029
CLT_0951,0.6014311124541514,0,0.41495353505502836,0,0.1862850398689287,47,3.6383984816383066
CLT_0952,0.28065668958514844,1,0.7861478040219678,0,0.1646643953645542,43,3.547659332027404
CLT_0953,0.8141573842970868,1,0.6652318967731532,0,0.010926545775566184,36,4.322736542808733
CLT_0954,0.4511031026499845,1,0.9156006379991478,0,0.10136761786171881,38,4.455878162152999
CLT_0955,0.4291634652915072,1,0.7761267574759958,1,0.18086357422001323,49,3.565472735358681
CLT_0956,0.511319378400424,1,0.7937315889655702,0,0.12739968526175918,41,3.8877595005325336
CLT_0957,0.1264834044640314,1,0.8713119789209303,0,0.1304941751216008,43,4.131808912427998
CLT_0958,0.2725533804852436,1,0.5688114656955789,1,0.40172604789664235,60,2.4810866949979204
CLT_0959,0.6510939008824029,1,0.8369173510941317,0,0.05688484723292244,37,4.335783798409309
CLT_0960,0.18213347297424853,0,0.16444608812659098,1,0.6242778697756458,75,1.5552874344228818
CLT_0961,0.5623398855516561,1,0.6078131646916141,0,0.19411823086781732,43,3.7715184979115643
CLT_0962,0.3367947116854477,1,0.6027211399258374,1,0.3677797934136174,56,2.955577442277089
CLT_0963,0.43298897896424393,0,0.7096509925250915,1,0.11389311252577367,51,3.9208182677891514
CLT_0964,0.36768188418630143,1,0.8678587410604781,1,0.06548217353918925,50,3.7518937088555204
CLT_0965,0.41188032572431577,1,0.7794433488107528,0,0.15053600776182838,44,3.7034468636887867
CLT_0966,0.6376742204242495,0,0.4318436597048013,1,0.2031624464680763,56,3.5824828496086383
CLT_0967,0.37344615605065384,0,0.34612592817499344,1,0.3605721341419029,63,2.751684949697063
CLT_0968,0.5398881320729555,0,0.629758786382531,1,0.2264452691926331,58,3.497462782878174
CLT_0969,0.485666843230496,0,0.31495184193932463,1,0.4683450177753442,59,2.6465844573632684
CLT_0970,0.6005449077298348,0,0.26054954813813536,1,0.30518382142889183,62,2.95404213176146
CLT_0971,0.8462174702319686,1,0.4947085945385338,0,0.032501576115108344,42,4.127625507183585
CLT_0972,0.6471908544391816,0,0.4685427769017638,1,0.1100549425307402,54,3.764825913930299
CLT_0973,0.3135636933971109,1,0.7965929202538977,0,0.15252480361885282,49,3.668157447573322
CLT_0974,0.09476307105129633,0,0.2623779653687712,1,0.7229165725202807,71,1.7848787424398345
CLT_0975,0.3491197636914426,1,0.30359092368401597,0,0.47703729148474094,54,2.587501732406448
CLT_0976,0.5573698658933973,0,0.5069081575437019,1,0.21813711630736035,52,3.361317486776483
CLT_0977,0.1344369525085911,1,0.24112966201957264,0,0.6273865398037088,67,2.178507060239798
CLT_0978,0.4978264651598279,1,0.7807254048088763,0,0.05550571693186991,38,4.106968090113473
CLT_0979,0.558454249592377,1,0.9626419577309739,0,0.05823285112368092,31,4.187812688161321
CLT_0980,0.39810146766923155,0,0.28752283336097767,1,0.4745275419884911,66,1.9651196168437974
CLT_0981,0.6754400408510455,1,0.5451919244211478,1,0.07032600109595022,52,3.700097971783857
CLT_0982,0.21180230694993146,1,0.7813200570743964,0,0.25185497543931556,42,3.3728603707137204
CLT_0983,0.1715683674373587,1,0.842925670058567,0,0.15882890463176438,46,3.6405623192733008
CLT_0984,0.6440841144351774,0,0.33864311111775924,1,0.3053671550382083,57,2.9786000260037273
CLT_0985,0.49730310550462453,0,0.6732951860683594,1,0.09712710795586946,57,3.951536068564873
CLT_0986,0.6168058950776786,1,0.367960748002352,0,0.17390250767424031,47,3.5321818914472685
CLT_0987,0.46085803173145545,1,0.6855426306855107,0,0.16208869954039756,47,3.5795374006938734
CLT_0988,0.33757329406086944,1,0.788270752956617,0,0.16539432901468032,43,3.8092517641281187
CLT_0989,0.7145265410088373,1,0.8719538179792906,0,0.12637182763841212,30,3.8853710789266778
CLT_0990,0.6979766042345292,1,0.5071585181114024,0,0.18415360362483757,46,3.987645870719437
CLT_0991,0.6210216045157786,0,0.4779341034624142,1,0.1857176319662441,52,3.7260915402817623
CLT_0992,0.35615162059186056,1,0.7079663238824755,0,0.13670694871757502,47,3.569964938574024
CLT_0993,0.5543971381292492,0,0.2681703268425917,1,0.38760542539683485,66,2.9364538232103587
CLT_0994,0.4152465196023041,1,0.46809144384530443,1,0.26280010817723576,57,3.4893949115085947
CLT_0995,0.19358748677399584,1,0.8737580796837017,0,0.18322649197535917,42,3.517159272149741
CLT_0996,0.818017249800519,1,0.4900897741518456,0,0.07857563277436012,42,3.8247829343552633
CLT_0997,0.24445037368660383,0,0.2260728392034959,1,0.6642694807644789,71,1.6941227360905944
CLT_0998,0.8684855732733889,0,0.21609055806582433,1,0.13704196536451463,54,3.402032670242698
CLT_0999,0.4676133168120105,0,0.5347993002125334,1,0.2408168831044581,61,3.100195791161297
